text,label_text,label
"The Samsung Mobile Applications Store was launched in January 2009 by Samsung Mobile Innovator , a program which enables mobile software developers to create applications for use across Samsung mobile devices .",neutral,1
"F-Secure , a developer of security solutions as a service through Internet Service Providers and mobile operators , announced results from its annual Online Wellbeing Survey .",neutral,1
"The company serves customers in various industries , including process and resources , industrial machinery , architecture , building , construction , electrical , transportation , electronics , chemical , petrochemical , energy , and information technology , as well as catering and households .",neutral,1
The company reported net sales of 302 mln euro $ 441.6 mln and an operating margin of 16 pct in 2006 .,neutral,1
Microsoft last week also issued the first patch for the Windows 7 operating system beta it had released days earlier .,neutral,1
`` Marimekko operates in an industry in which changes in the business climate are reflected in consumer demand .,neutral,1
"Following the demerger , the vice president of the group 's pharmaceutical trade in Finland , Jukka Niemi , will be appointed managing director of Oriola in addition to his current responsibilities .",neutral,1
"The subject of the project is provide to the company like : Software programming and consultancy services , Computer-related services , Data services , Computer support and consultancy services , Internet services etc. .",neutral,1
"Savon koulutuskuntayhtyma , Finland based company has awarded contract for specialist agricultural or forestry machinery .",positive,2
"Finnish Bank of +àland reports operating profit of EUR 2.2 mn in the first quarter of 2010 , down from EUR 6.3 mn in the corresponding period in 2009 .",negative,0
"The maximum amount of the capital loan will be EUR30m and the minimum subscription -- EUR10 ,000 .",neutral,1
"BasWare 's CEO Ilkka Sihvo comments in conjunction with the Interim Report : `` As a whole , BasWare succeeded well in the second quarter of 2007 .",positive,2
"Through the Nordic Exchange , OMX offers access to approximately 80 percent of the Nordic and Baltic securities market .",neutral,1
"Originally posted to the PCMag.com security blog , Security Watch .",neutral,1
"The Filter Tips cover the volume range from 0.1-1200 -Ál including new sizes for 10 , 20 , 100-120 , 200 , 300 , 1000 and 1200 -Ál volume capacities .",neutral,1
"The contract also includes cutting and edging wagon parts at Ruukki 's steel service centres in Seinajoki and Raahe , both in southwestern Finland , from where they will be delivered to VR for welding and assembly .",neutral,1
"Cash flow after investments amounted to EUR45m , down from EUR46m .",negative,0
Investment management and investment advisory services are the company 's sole line of business .,neutral,1
That would be an increase from estimated sales of 117 million last year .,positive,2
Operating profit excluding non-recurring items increased by 27 % to EUR 81.9 mn from EUR 64.4 mn in the corresponding period in 2008 .,positive,2
Finnish software developer Done Solutions Oyj said its net profit increased to 3.5 mln euro ( $ 4.6 mln ) in 2006 from 2.3 mln euro ( $ 3.0 mln ) in 2005 .,positive,2
Finnish silicon wafer technology company Okmetic Oyj OMX Helsinki : OKM1V said on Wednesday 17 September that it will invest EUR6m in its sensor wafer business during 2009 .,neutral,1
Pharmaceutical market in Italy Global Research & Data Services published recently a market analysis about the pharmaceutical markets in Italy .,neutral,1
"According to Viking Line 's Managing Director , Nils-Erik Eklund , the company 's Board of Directors is very satisfied with Viking Line 's performance .",positive,2
"Its customers include local companies Slo Oy , Kiilto Oy , Toptronics Oy , Normark Suomi Oy , Pellonpaja Oy and Mansner Oy .",neutral,1
Total operating revenue grew by 27.6 % year-on-year to EUR61m .,positive,2
ZAO YIT Moskovia builds housing in Moscow and its surrounding cities .,neutral,1
"ADP News - Nov 6 , 2008 - Finnish retail software developer Aldata Solution Oyj OMX : ALD1V said today that it swung to a net profit of EUR 2.1 million USD 2.7 m for the first nine months of 2008 versus a net loss of EU",positive,2
"Net interest income was EUR 39.3 mn , up from EUR 32.7 mn .",positive,2
No financial details of the deployment were disclosed .,neutral,1
Rubin says he expects Capman to announce 1-2 additional transactions in 2009 .,neutral,1
Ahlstrom 's share is quoted on the NASDAQ OMX Helsinki .,neutral,1
Exel is headquartered in Mantyharju in Finland .,neutral,1
Sports equipment sales also progressed well owing to the prolonged winter season .,positive,2
"Cooper SH , the UK distributor for lift equipment manufacturer Konecranes , won the five-year deal which involves low maintenance and fuel saving technologies .",positive,2
"Thus the method will cut working costs , and will fasten the planning and building processes .",positive,2
Finnish media group Talentum has issued a profit warning .,negative,0
Fancy Dans on the move FAB Glasgow gift and interiors store Fancy Dans is moving !,neutral,1
"The fixed-term contract of Mr. Jarmo Ukonaho , the current General Manager of Incap 's Indian operations , will finish by the end of the year .",neutral,1
"The redesigned crushing circuit has been in operation since the start of September and its overall production rate on a weekly basis is in excess of an average of 40,000 tonnes a day .",neutral,1
"Product coverage : baked goods ; biscuits ; breakfast cereals Data coverage : market sizes historic and forecasts , company shares , brand shares and distribution data .",neutral,1
"Last year the company raised its turnover to approximately 7 million litas EUR 2 mln , from 6.1 million litas in 2004 .",positive,2
"At the moment , there are approximately 20 Vianor sales offices in Russia .",neutral,1
"In January-November 2009 , the group 's sales totalled EUR 7,801.7 mn , which was a drop of 12.6 % from the same period of 2008 .",negative,0
The acquisition will considerably increase Kemira 's sales and market position in the Russian metal industry coatings market .,positive,2
No financial information was provided .,neutral,1
The group 's 12-month operating profit grew 31 percent to 337.8 million euros .,positive,2
A survey conducted by Taloustutkimus for Sampo Life shows that companies are badly prepared to losing key staff members .,negative,0
The Oxyview Pulse Oximeter is a common device to check patient blood-oxygen saturation level and pulse rate .,neutral,1
- Counter your competitor 's strengths and target their weaknesses .,neutral,1
"May 29 , 2010 ( CompaniesandMarkets.com delivered by Newstex ) -- This report provides key data and information on the meat , fish and poultry market in Finland .",neutral,1
"Helsinki 19 May 2010 - Finnish company Lemminkainen Oyj ( HEL : LEM1S ) said today that it will construct an office building at Toolonlahti in downtown Helsinki , without disclosing financial details .",neutral,1
"By 14:29 CET on Monday , shares in Bavarian Nordic had climbed 1.21 % to DKK250 on the stock exchange in Copenhagen after having lost 7.41 % in the past month .",positive,2
"After the split , the company would have 26,885,540 Series A shares and 9,540,000 Series K shares .",neutral,1
Mr. Koistinen joins from Nokia Siemens Networks where he has held various senior sales management and business development positions since 1997 .,neutral,1
"The record date for dividend distribution is March 14 , 2008 .",neutral,1
`` The trend in the sports and leisure markets was favorable in the first months of the year .,positive,2
"The figure includes the change in the fair value of the property portfolio , EUR 26.2 million .",neutral,1
"( ADP News ) - Sep 30 , 2008 - Finnish security and privacy software solutions developer Stonesoft Oyj said today that it won a USD 1.9 million ( EUR 1.3 m ) order to deliver its StoneGate network security products to an unnamed Russian te",positive,2
Comptel Corporation will publish its financial statements for 2008 on 12 February 2009 .,neutral,1
"Harold W. Young is an independent broker working closely with several retailers including Ahold USA , Market Basket , CVS , BJ 's Wholesale Club , Hannaford and Cumberland Farms .",neutral,1
L&T 's net profit for the whole 2010 dropped to EUR 36 million from EUR 45 million for 2009 .,negative,0
The medium-term operative targets of the company remain unchanged .,neutral,1
Halonen 's office acknowledged receiving the letter but declined comment .,neutral,1
"Country : , Finland Sector : Construction-Real Estate Target : Pohjolan Design-Talo Oy Buyer : CapMan Oyj Vendor : Ruukki Group Oyj Deal size in USD : 102.6 m Type : Divestment Status : Agreed",neutral,1
"Rohwedder Group is an automotive supplies , telecommunications and electronics industry provider for customers in Europe , North America and Asia .",neutral,1
Diluted earnings per share ( EPS ) rose to EUR 3.68 from EUR 0.50 .,positive,2
The value of the order is USD 2.2 mn .,neutral,1
The Group also has a strong global position in other fishing categories .,positive,2
"According to Finnish FIM Bank , Alpro 's price would be around EUR 100mn-150mn .",neutral,1
"In addition , MIDs are always online and enable full Internet browsing .",neutral,1
No financial details were disclosed .,neutral,1
Finnish Bore that is owned by the Rettig family has grown recently through the acquisition of smaller shipping companies .,positive,2
"The total size of the complex is around 25,000 m2 and the project will be constructed in stages .",neutral,1
Operating profit fell to EUR 15.1 mn from EUR 24.6 mn in 2006 .,negative,0
"The building will house , for example , Respecta Oy 's Jyvaskyla premises , as well as other companies to be announced later , says Samuel Koivisto , Director of Technopolis operations in Jyvaskyla .",neutral,1
"The portfolio comprises of 118,000 m2 of leasable space with a vacancy rate of roughly 5 % , let to around 140 tenants of which two of the largest are the Swedish government and Ericsson .",neutral,1
"Net profit in the three months through March 31 fell to (  x20ac ) 103 million ( US$ 165 million ) from (  x20ac ) 131 million a year earlier , the Finnish company said .",negative,0
"Operating profit , excluding non-recurring items , totalled EUR 2.2 mn , down from EUR 2.7 mn in the corresponding period in 2008 .",negative,0
Coffee will be served starting at 14:30 EET as well as after the event .,neutral,1
"Favourable currency rates also contributed to higher net sales , '' CEO Kari Kauniskangas said .",positive,2
The appointments will be in force until the new CEO has been appointed .,neutral,1
"Prior to the transaction , whose financial terms have not been disclosed , Alma Media owned 40 % of Kotikokki net .",neutral,1
"Iso Omena is based in the Matinkyla district of the southern part of the city of Espoo , southern Finland .",neutral,1
"This location makes the mall a convenient place to shop for consumers from three large residential areas nearby : Jaroszowka , Wysockiego and Zgody .",positive,2
"ADPnews - Dec 23 , 2009 - Norwegian financial services group SpareBank 1 Gruppen AS OSL : SBGRP said its board of directors appointed today Jarle Haug managing director of its claims collection subsidiary SpareBank 1 Gruppen Finans",neutral,1
Stora Enso 's third-quarter pre-tax profit doubled to EUR 197mn .,positive,2
"The mill will have capacity to produce 500,000 tonnes of pulp per year .",neutral,1
The report will be emailed within 2 business days of an order .,neutral,1
Terms of the acquisition were not disclosed .,neutral,1
Changes to the as-built models from the design were communicated to the subcontractors to accommodate them into the steel and GRC fabrication process .,neutral,1
"Featuring the S60 user interface , this 135-gram model also comes with a 2.4-inch quarter VGA display and 100 megabytes of internal memory , expandable through the Micro Secure Digital slot .",neutral,1
"`` BasWare 's product sales grew strongly in the financial period , by 24 percent .",positive,2
"The earnings per share for the quarter came in at 0.25 eur , up from the 0.20 eur of the same quarter a year earlier .",positive,2
"Operating profit totalled EUR 30.2 mn , down from EUR 43.8 mn a year earlier .",negative,0
Operating profit decreased to EUR 11.2 mn from EUR 16.6 mn .,negative,0
Talentum 's net sales in September were smaller than expected .,negative,0
"The major breweries increased their domestic beer sales by 4.5 per cent last year , to 256.88 million litres from 245.92 million litres in 2004 .",positive,2
The terms and conditions of the year 2003 stock option scheme were published in a stock exchange release on 31 March 2003 .,neutral,1
From Merisatama to the far corners of the world Asfaltti Osakeyhti+Â Lemmink+ñinen was established in 1910 by a group of master builders in Helsinki as a specialist business and subcontractor .,neutral,1
"In addition , the Kazakh delegation will visit Finland 's SITRA investment fund , Honkarakenne Ltd and Nokia headquarters to study TeliaSonera Ltd JSC 's activities .",neutral,1
The divested stake represented about 2.7 m shares in Okmetic 's capital .,neutral,1
"Rockwell Collins is a provider of flight deck , cabin and information management solutions for business aircraft operators .",neutral,1
"Copper , lead and nickel also dropped ... HBOS ( HBOS ) plummeted 20 % to 70.3 pence after saying this year+ó ??",negative,0
The energy sector accounted for approximately 33 % and the steel industry for about 57 % of the transportation volume .,neutral,1
"Operating loss totalled EUR 12.7 mn , compared to a profit of EUR 17.7 mn in the first half of 2008 .",negative,0
"Raisio 's bid to buy Glisten is a `` win-win '' deal for both companies , the chairman of the UK snacks firm told just-food today 10 February .",positive,2
"The payment date is March 25 , 2010 .",neutral,1
The fair value of the company 's investment properties grew to EUR 2.803 billion at the end of March 2009 from EUR 2.691 million a year ago .,positive,2
"The company generates net sales of about 600 mln euro $ 775.5 mln annually and employs 6,000 .",neutral,1
Cargotec will also move Hallberg-Ivarsson 's service and installation business under the same roof with its service center for Kalmar and MacGregor solutions in Gothenburg .,neutral,1
Net profit was 35.5 mln compared with 29.8 mln .,positive,2
The per-share subscription price of the shares subscribed with the option rights was EUR 1.35 .,neutral,1
Productional situation has now improved .,positive,2
"As with other stakeholders , COMPTEL has been involved in the workshops , meetings and filed comments on the issues of greatest importance to the competitive sector of our industry .",neutral,1
"Earnings per share ( EPS ) amounted to EUR1 .37 , down from EUR2 .30 .",negative,0
"The tanks will be delivered to a company which is currently building a chemical tank farm in Antwerp , northern Belgium .",neutral,1
Rapala aims to move the distribution unit Ragot from Loudeac in Bretagne and the distribution unit Waterqueen and the fishing line supplier Tortue from Saint Marcel in Central France to Morvillars .,neutral,1
"N +1 Group will pay EUR16 .5 m of the transaction price upon closing , and the remaining sum in 2012 .",neutral,1
Commission income rose by 25.7 % to EUR 16.1 mn from EUR 12.8 mn in 2004 .,positive,2
"The company said that 80 % of the shares of the holding company will be sold to Meadville Holdings Limited , a Hong Kong listed parent company of the Meadville Group .",neutral,1
"The result will also be burdened by increased fixed costs associated with operations in China , and restructuring costs in Japan .",negative,0
"UPM-Kymmene www.upm-kymmene.com produces magazine papers and newsprint , as well as fine and specialty papers , converting materials and wood products .",neutral,1
11 August 2010 - Finnish measuring equipment maker Vaisala Oyj HEL : VAIAS said today that its net loss widened to EUR4 .8 m in the first half of 2010 from EUR2 .3 m in the corresponding period a year earlier .,negative,0
The phones are targeted at first time users in growth markets .,neutral,1
Finnish food industry company L+ñnnen Tehtaat is planning changes to its fish product business .,neutral,1
"The acquisition was financed with $ 2.56 billion of debt arranged by Goldman , Sachs & Co. .",neutral,1
"According to Finnair Technical Services , the measure is above all due to the employment situation .",neutral,1
Operating profit rose to EUR 13.5 mn from EUR 9.7 mn in the corresponding period in 2006 .,positive,2
"In 2007 Talentum will disclose three Interim Reports - Q1 ( January - March ) on Friday , 27 April , 2007 - Q2 ( April - June ) on Friday , 20 July , 2007 - Q3 ( July - September ) on Friday , 26 October , 2007 .",neutral,1
"Equipment will be manufactured in Vaahto 's workshop in Hollola , Finland and is scheduled for shipments during the first quarter of 2009 .",neutral,1
"EXEL COMPOSITES IN BRIEF Exel Composites is a technology company which designs , manufactures and markets composite profiles and tubes for industrial applications .",neutral,1
Sales increased due to growing market rates and increased operations .,positive,2
"( ADP News ) - Oct 1 , 2008 - Finnish consulting and engineering company Poyry Oyj ( OMX : POY1V ) said today it was awarded a EUR 5.2 million ( USD 7.4 m ) extension to their existing consultancy engineering contract with Venezuel",positive,2
"561,470 new shares under 2003 option rights plan Packaging company Huhtamaki Oyj reported on Monday that a total of 561,470 new shares of the company have been issued based on share subscriptions under its 2003 option rights plan .",neutral,1
Olli-Pekka Laine has been appointed as the Chairman and Erkki Pehu-Lehtonen as the Vice Chairman of the Board .,neutral,1
Tiimari operates 194 stores in six countries -- including its core Finnish market -- and generated a turnover of 76.5 mln eur in 2005 .,neutral,1
"`` After a long , unprofitable period the Food Division posted a profitable result , which speaks of a healthier cost structure and a new approach in business operations , '' Rihko said .",positive,2
Financial terms were n't disclosed .,neutral,1
"U.S.-based T Corp. is in talks with Scandinavian telecoms company TeliaSonera to sell its stake in Uzbek cellular operator Coscom , an executive at Coscom told Interfax .",neutral,1
"The port facilities ' throughput is 250,000 TEUs and 7.5 mln tons of general cargo .",neutral,1
"The company was supposed to deliver machinery to a veneer mill in the Tomsk region , in Russia .",neutral,1
"Elcoteq SE Stock Exchange Announcement February 4 , 2009 at 10.00 am ( EET ) Elcoteq will publish its financial statements bulletin 2008 on Wednesday , February 11 , at 9.00 am ( EET ) .",neutral,1
"Metso expects its net sales to increase by about 10 % in 2008 , at comparable exchange rates .",positive,2
Capitex Kalmar will continue to be responsible for the maintenance and technical development of the services .,neutral,1
"Currently it operates a fleet of eight carriers , as well as nine pushers and barges .",neutral,1
"The Company serves approximately 3,000 customers in over 100 countries .",neutral,1
All YIT Capital Markets Day materials will be available on the company 's Internet site at www.yitgroup.com/investors at 10:30 on September 26 .,neutral,1
"The manufacture of CPPs will be undertaken at the existing Export Oriented Unit EOU at Wartsila 's factory at Khopoli , near Mumbai .",neutral,1
Sales of mid-strength beer decreased by 40 % .,negative,0
"The authorisation is in force until the end of the next Annual General Meeting and repeals the authorisation to acquire own shares given by the General Meeting held on April 4 , 2007 .",neutral,1
"The natural source of isoprene is the tree species Hevea brasiliensis , also known as the rubber tree .",neutral,1
"Tieto 's service is also used to send , process and receive materials related to absentee voting .",neutral,1
Renesas Mobile Europe Ltd has approximately 470 employees in Oulu .,neutral,1
"Sales climbed 19.2 pct to 1.002 bln eur , surpassing the 953 mln eur consensus figure .",positive,2
"LONDON AFX - UK and European brokers ' recommendations issued today , as collated by AFX News from a range of market sources .",neutral,1
"Motorola Inc. of the United States came second with shipments of 217.4 million units for a 21.3 percent market share , followed by South Korea 's Samsung Electronics Co. with shipments of 118.0 million units for an 11.6 percent share .",neutral,1
"Lassila & Tikanoja 's operating profit excluding non-recurring and imputed items for the second quarter was EUR11 .3 m , down from EUR13 .8 m a year ago .",negative,0
The passenger tunnel is expected to be put into operation in 2009 .,neutral,1
The new organization consists of two business units : Charging & Messaging and Finance & Administration .,neutral,1
"Veidekke , headquartered in Oslo , Norway , is a Scandinavian construction and property development group with some 6,350 employees in Norway , Sweden and Denmark , with an annual turnover of NOK16 .4 bn .",neutral,1
"The Lemminkainen Group , headquartered in Helsinki , Finland operates in all sectors of the construction industry : civil engineering , building contracting , technical building services and the building materials industry .",neutral,1
"Of these shares 29,659,239 are held by the Company or its group companies and the number of outstanding shares and voting rights attached to the shares thus amounts to 322,705,218 .",neutral,1
"In the method the smelt spouts 2 are separated from the working area 6 by a shielding wall 8 , 10 arranged movable in relation to the smelt spouts .",neutral,1
About Dopplr Dopplr is a service for smart travellers .,neutral,1
"The address location is provided to a local controller , preferably by wireless transmission , which then uses the address location to access the appliance control module .",neutral,1
"Profit for the period totalled EUR 0.8 mn , down from EUR 1.1 mn in the corresponding period in 2008 .",negative,0
Odell has not contacted the State of Finland in this issue .,neutral,1
"In Middle East & North Africa , Tecnotree has grown considerably in the recent years .",positive,2
"EQ Bank forecasts Olvi 's net sales at EUR 67mn in the second quarter of 2009 , and operating profit at EUR 6.4 mn .",neutral,1
EPS grew to 0.04 eur from 0.02 eur .,positive,2
The full-function PC weighs 1.25 kilograms and measures slightly more than two centimeters thin .,neutral,1
Consolidated pretax profit decreased by 69.2 % to EUR 41.0 mn from EUR 133.1 mn in 2007 .,negative,0
Pretax profit jumped to EUR 21.9 million from EUR 3.1 million .,positive,2
The new name of the Sanoma Division will be Sanoma News .,neutral,1
Investments in product development stood at 6.0 mln euro ( $ 8.8 mln ) .,neutral,1
Net sales fell by 5 % from the previous accounting period .,negative,0
The first stage of the contract covers 133 stores and 600 cash registers .,neutral,1
The new B shares carry the right to dividend and other shareholder rights with effect from today .,neutral,1
Teleste was set up in 1954 and is divided into Broadband Cable Networks and Video Networks business areas .,neutral,1
Net sales increased to EUR193 .3 m from EUR179 .9 m and pretax profit rose by 34.2 % to EUR43 .1 m. ( EUR1 = USD1 .4 ),positive,2
"Incap Contract Manufacturing will carry out the manufacturing for these agreements at its factory in Tumkur , near Bangalore .",neutral,1
"Both operating profit and turnover for the nine-month period increased , respectively from EUR2 .4 m and EUR43 .8 m , as compared to the corresponding period a year ago .",positive,2
Ponsse projects the forest machine markets to improve more than expected in 2010 from the previous year .,positive,2
Altogether 150 subjects with mildly elevated cholesterol levels participated in the four-month long intervention .,neutral,1
Finnish KCI Konecranes has been awarded an order for four hot metal ladle cranes by Indian steel producer Bhushan Steel & Strips to be delivered in 2007 .,positive,2
8 May 2009 - Finnish liquid handling products and diagnostic test systems maker Biohit Oyj ( HEL : BIOBV ) said today ( 8 May 2009 ) its net loss narrowed to EUR0 .1 m ( USD0 .14 m ) for the first quarter of 2009 from EUR0 .4 m for the same period of 2008 .,positive,2
Kirsi Rantanen was previously development director for HK Ruokatalo 's poultry business .,neutral,1
Pretax profit rose to EUR 0.6 mn from EUR 0.4 mn in the corresponding period in 2005 .,positive,2
"The equipment is designated to Bollore Africa Logistics terminal Societe d'Exploitation du Terminal de Vridi SETV in Abidjan , Ivory Coast and the delivery is scheduled to start in March 2010 .",neutral,1
"The copying , republication or redistribution of AFX News Content , inculding by framing or similar means , is expressly prohibited without the prior written consent of AFX News .",neutral,1
"Earnings per share ( EPS ) amounted to EUR0 .98 , up from the loss of EUR0 .02 .",positive,2
`` It wo n't happen overnight .,neutral,1
"s business sectors are building construction , infrastructure construction and technical building services .",neutral,1
"Tiimari Latvian representative Ineta Zaharova said that the company earned LVL 122,000 in 2005 profit , which is 20 times more that in 2004 .",positive,2
"Re-use back into PET bottles has also steadily increased and the rate of use in strapping tape has picked up again after a dip in 2005 , Petcore said previously .",positive,2
Name of Company in which holdings have been acquired : Citycon Oyj 2 .,neutral,1
"Cramo , headquartered in Vantaa , Finland , rents construction machinery and equipment , as well as rents and sells modular space .",neutral,1
It has80 branches in Finland with annual revenue in Finland of ?,neutral,1
The non-recurring costs caused to Talentum 's Premedia business area by the restructuring will amount to 2.0 mln euro $ 2.7 mln and will be included in the company 's financial results for the second quarter of 2007 .,neutral,1
"The devices would be launched in the Chinese market in late 2006 , the company said .",neutral,1
The expanded plant is scheduled to be operational by the middle of October 2009 .,neutral,1
BioTie North-American licensing partner Somaxon Pharmaceuticals started a phase II-III clinical study in patients suffering from pathological gambling and a pilot phase II study in nicotine addiction smoking cessation .,neutral,1
Earnings per share EPS amounted to EUR0 .01 .,neutral,1
Diluted earnings per share ( EPS ) declined to EUR 0.78 from EUR 1.76 .,negative,0
"There will be return flights from Stuttgart every morning , as well as evening departures on Thursdays , Fridays and Sundays .",neutral,1
- Profit before taxes was EUR 105.9 82.7 million .,neutral,1
Castecka said the town hall would hold talks with other investors interested in the zone .,neutral,1
`` Demand for sports equipment was good in 2005 .,positive,2
"Net cash from operating activities was a negative EUR 0.3 mn , compared to EUR 30.9 mn in 2009 .",negative,0
"`` We have a license agreement with Nokia Corp. which in part expires on April 9 , 2007 .",neutral,1
`` Directors and shareholders alike should ask why these practices were allowed to continue . '',neutral,1
Finnish handling systems company Cargotec Oyj ( HEL : CGCBV ) said today that it won a EUR 13 million ( USD 16.6 m ) contract to deliver MacGregor hatch covers for ships ordered by Norwegian shipowner Grieg Shipping .,positive,2
"In 2007 , Etteplan had turnover of EUR125 .2 m.",neutral,1
"128,538 shares can still be subscribed for with Series E share options , max .",neutral,1
VNH generates annual net sales of about 5 mln eur and employs 21 people .,neutral,1
The company had net sales of EUR 19.8 mn and a pre-tax profit of EUR 1.8 mn in 2005 .,neutral,1
The solution will be installed in the USA to support the North American operations of the customer .,neutral,1
The terms and conditions of the Stock Option Scheme 2008 are available on the Company 's internet pages www.sanoma.com .,neutral,1
"The Inventors are Ridge Justin , Bao Yiliang and Karczewicz Marta .",neutral,1
The value of the deal was not disclosed .,neutral,1
"Operating profit totalled EUR 83.0 mn , up from EUR 23.5 mn year-on-year .",positive,2
Nokia was up 0.12 pct to 16.70 eur after kicking off the morning in negative territory .,positive,2
RSA 's shares closed at 156.9 p at the time of going to press .,neutral,1
"Aldata Solution , a global company engaged in supplier to consumer business process optimization , has announced the details of its Dollars for Dinosaurs program .",neutral,1
"( ADPnews ) - Feb 3 , 2010 - Finland-based steel maker Rautaruukki Oyj ( HEL : RTRKS ) , or Ruukki , said today it slipped to a larger-than-expected pretax loss of EUR 46 million ( USD 64.5 m ) in the fourth quarter of 2009 from a",negative,0
Sales of security and system packaging increased slightly .,positive,2
"The 10,000-odd square metre plot that Stockmann has bought for the Nevsky Center shopping center is located on Nevsky Prospect , St Petersburg 's high street , next to the Vosstaniya Square underground station , in the immediate vicinity of Moscow Station .",neutral,1
It posted a turnover of 4.5 mln euro $ 6.1 mln and an operating profit of 1.5 mln euro $ 2.0 mln for 2006 .,neutral,1
"Dealers said the share was largely hit by investor disappointment about a refining margin of just 9.48 usd per barrel for the quarter and the performance of its shipping unit , which saw EBIT drop to 5 mln eur from 20 mln eur a year amid a fall in volumes and tanker rates .",negative,0
The extracted filtrates are very high in clarity while the dried filter cakes meet required transport moisture limits (TMLs)for their ore grades .,neutral,1
"For example , net sales increased by 5.9 % from the first quarter , and EBITDA increased from a negative EUR 0.2 mn in the first quarter of 2009 .",positive,2
"The composite body is coated with a hard coating layer produced by thermal spraying , and the coating is ground . ''",neutral,1
The order also includes start-up and commissioning services .,neutral,1
"The company offers payroll services , including payroll processing , payroll tax administration , and employee pay services , including direct deposit , check signing , and Readychex .",neutral,1
"In the second quarter of 2010 , the group 's net profit rose to EUR3 .1 m from EUR2 .5 m in April-June 2009 .",positive,2
The MET is located in the Central Business District ( CBD ) of Bangkok .,neutral,1
The increase range will vary up to 10 % .,neutral,1
"Rautalinko was resposnible also for Mobility Services , and his job in this division will be continued by Marek Hintze .",neutral,1
"`` We 're delighted with the move '' says Morna Cowie , co-owner , above , `` it 's double the size of our current shop and has a lovely feel to it . ''",positive,2
"One price category is for calls on the preferred operator 's network , and another for calls on other operators ' networks .",neutral,1
Diluted earnings per share ( EPS ) stood at EUR 0.25 versus EUR 0.42 .,negative,0
"Salcomp Oyj , the Finnish maker of mobile phone chargers , Monday posted a EUR1 .49 million loss in the second quarter compared with a 1.70 million profit in the same period the previous year .",negative,0
The transaction value is CAD 15 million approximately EUR 10 million .,neutral,1
Yvonne Jones is owner of Chameleon Interiors .,neutral,1
"Alma Media 's operating profit amounted to EUR 11.9 mn , down from EUR 15.0 mn a year earlier .",negative,0
"MegaFon 's subscriber base increased 16.1 % in 2009 to 50.5 million users as of December 31 , while its market share by the number of customers amounted to 24 % as of late 2009 , up from 23 % as of late 2008 , according to TeliaSonera estimates .",positive,2
"Revenue for the quarter totaled 27.4 billion , down 2 percent from 28.1 billion in the fourth quarter in 2008 .",negative,0
"After the reporting period , BioTie North American licensing partner Somaxon Pharmaceuticals announced positive results with nalmefene in a pilot Phase 2 clinical trial for smoking cessation .",positive,2
It also confirmed its earnings guidance for the whole 2009 issued in its report for the whole 2008 .,neutral,1
The company reported today an operating loss of EUR0 .1 m on net sales of EUR4 .5 m for the first quarter 2008 .,negative,0
"The total investment in the Vantaa plant extension will amount to around 10 million euro , and Okmetic 's share of the investments will be worth around 2.7 million .",neutral,1
"By the end of 2006 , the number of joint branch offices will total 170 .",neutral,1
"Its annual capacity is some 10,000 MW .",neutral,1
"Huhtamaki 's rigid plastic consumer goods operations , which are mainly in Europe , will be separated into a new reporting segment as of 1 January 2009 .",neutral,1
"Luna took fifth place on six-under 207 , a shot behind Spain 's Beatriz Recari and Germany 's Martina Eberl , while Welsh player Becky Brewerton was the highest-placed British finisher , sharing seventh place on three-under 210 after shooting 71 .",neutral,1
"According to Honka Japan 's Managing Director Marko Saarelainen , Honkarakenne exports about 200 ready made log houses to Japan a year .",neutral,1
Orion 's net profit for the third quarter of 2007 decreased to 36.5 mln euro ( $ 52.1 mln ) from 40.3 mln euro ( $ 57.5 mln ) a year earlier .,negative,0
It will also strengthen Ruukki 's offshore business .,positive,2
"Revenue in July to September grew 14 percent to ( EURO ) 467 million from a year earlier , the company said Thursday .",positive,2
"The Marubeni Group focuses on creating `` value chain '' from upstream to downstream , encompassing a wide variety of business fields , including oil & gas , metals , mineral resources , foods , pulp & paper and chemicals , among others .",neutral,1
"Country : , Switzerland Sector : Pharmaceuticals Target : Synosia Therapeutics Holding AG Buyer : Biotie Therapies Corp Deal size in USD : 129.4 m Type : Corporate acquisition Financing : All-stock Status : Closed",neutral,1
It will report full-year results on August 22 .,neutral,1
"EUR928 ,000 in Q1 2010 6 May 2010 - Finnish textile and clothing design company Marimekko Oyj ( HEL : MMO1V ) said today its net profit rose to EUR928 ,000 in the first quarter of 2010 from EUR13 ,000 in the corresponding period a year earlier .",positive,2
"The equipment will be made at Vaahto 's plant in Hollola in Finland , and delivery is scheduled for the first quarter of 2009 .",neutral,1
"says Brian Burton , Head of IT Security , Vodafone UK .",neutral,1
The value of the order is USD 2.3 mn .,neutral,1
The contract has been allotted as per lowest price criteria .,neutral,1
The combined value of the orders is EUR 45mn .,neutral,1
"The floor area of the Yliopistonrinne project will be 7,900 sq m 85,030 sq ft and the building 's gross area will total 12,800 sq m. A total 25.1 % of the facilities have been let .",neutral,1
Financial terms were not disclosed .,neutral,1
`` This could be us .,neutral,1
"EQT has completed its exit from Salcomp , a Finnish company that makes mobile phone chargers , by selling its remaining stake to Swedish investment group Nordstjernan for about ( EURO ) 35 million ( $ 47 million ) .",neutral,1
Benefon will turn the Salo unit into a B2B business unit and establish a B2C business unit in the UK .,neutral,1
"Commission income decreased to EUR 3.8 mn , compared to EUR 4.6 mn in the third quarter of 2007 .",negative,0
Revenue grew 12 percent to (  x20ac ) 3.6 billion ( US$ 4.5 billion ) .,positive,2
"Its product portfolio comprises harvesters , forwarders , harvester heads , as well as cranes and loaders .",neutral,1
"However , two of the previously ordered sets will start producing electricity at the end of October 2010 , it said .",neutral,1
"Paychex has more than 100 offices serving approximately 554,000 payroll clients nationwide as of May 31 , 2009 .",neutral,1
21 October 2010 - Finnish fishing tackle company Rapala VMC Corp ( HEL : RAP1V ) said today its net profit rose to EUR18 .9 m for the first nine months of 2010 from EUR15 .1 m for the same period a year earlier .,positive,2
Stora is due to release its fourth-quarter and 2009 full-year earnings on Feb. 4 .,neutral,1
"The Stockmann department store will have a total floor space of over 8,000 square metres and Stockmann 's investment in the project will have a price tag of about EUR 12 million .",neutral,1
"A total of 16.5 mn passenger ship journeys took place in the northern Baltic Sea in 2007 , slightly down from 16.5 mn in 2006 .",negative,0
Ramirent Finland is the domestic unit of machinery rental company Ramirent Oyj HEL : RMR1V .,neutral,1
Major Order in India Comptel Corporation has received a significant long-term order for mediation and provisioning solutions being used by a leading operator in India .,positive,2
The company will propose a dividend of EUR0 .12 per share for 2008 .,neutral,1
The sales price was not disclosed .,neutral,1
It is expected to be online by 2011 .,neutral,1
Elcoteq SE is listed on the Nasdaq OMX Helsinki Ltd. .,neutral,1
The business to be divested generates consolidated net sales of EUR 60 million annually and currently has some 640 employees .,neutral,1
"Earnings per share for the quarter were also higher year-on-year at 0.33 eur versus 0.27 , and above market expectations of 0.28 eur .",positive,2
Customers include hotels and restaurants as well as wholesalers and some retailers .,neutral,1
"Operating loss totalled EUR 5.2 mn , compared to a loss of EUR 3.4 mn in the corresponding period in 2008-2009 .",negative,0
"`` Lining stone sales were also good in the early autumn , and order books are strong to the end of the year .",positive,2
"Finnish energy company Fortum Oyj said on November 13 , 2007 it was granted an environmental permit to build a biofuel-fired combined heat and power CHP plant in Vartan harbor in eastern Stockholm .",positive,2
Total value of the contract is about EUR 10mn .,neutral,1
"According to Finnish petrol station chain St1 's managing director Kim Wiio , the company was forced to make purchases with rising prices in the first half of 2008 , and now consumer prices are going down almost daily due to competition .",negative,0
"The product advisory does not apply to any other Nokia-branded battery , the company said .",neutral,1
"Operating profit for the three-month period increased from EUR1 .2 m , while revenue increased from EUR20 .2 m , as compared to the corresponding period in 2005 .",positive,2
"Operating loss was EUR 179mn , compared to a loss of EUR 188mn in the second quarter of 2009 .",positive,2
"Danske Bank A-S DANSKE DC jumped 3.7 percent to 133.4 kroner , rebounding from yesterday s 3.5 percent slide .",positive,2
Most of the dividend will go to the Grimaldi family .,neutral,1
`` These developments partly reflect the government 's higher activity in the field of dividend policy . '',neutral,1
"The segments through which the company operates are Frozen Food business , Seafoods , Vegetable Oil business , Grain Trading and Other business operations .",neutral,1
Sales by Seppala diminished by 6 per cent .,negative,0
"The operating loss amounted to EUR 0.8 mn , compared to a profit of EUR 3.9 mn a year earlier .",negative,0
The company said that sales in the three months to the end of March slid to EUR86 .4 m US$ 113.4 m from EUR91 .2 m last year .,negative,0
At CapMan Haavisto will be responsible for Group Finances and Accounting and IT .,neutral,1
"The company has a continuous need for alloys such as nickel , ferro-chrome , molybdenum and manganese in its production , said Talvivaara .",neutral,1
Finnish glass technology company Glaston Oyj Abp net profit decreased to 2.6 mln euro ( $ 3.8 mln ) for the first nine months of 2007 from 7.8 mln euro ( $ 11.4 mln ) for the same period of 2006 .,negative,0
"LCS 's services cover the whole life cycle of software and information systems , from process modelling and tailored software development , to hosting services , solution management , maintenance and support .",neutral,1
Prices and delivery volumes of broadband products decreased significantly in 2005 .,negative,0
Rapala said it estimates it will make savings of 1-2 mln eur a year by centralising its French operations at one site .,positive,2
"Tulikivi manufactures heat-retaining , soapstone and ceramic fireplaces , as well as natural stone products and utility ceramics .",neutral,1
The company 's share is listed in the Mid Cap segment of the NASDAQ OMX Helsinki .,neutral,1
Production is scheduled to start by the end of April 2007 .,neutral,1
"The announcement pushed Freenet shares down 6.3 % , or EUR0 .71 , in Frankfurt trade to EUR10 .65 as investors gave up hope United Internet AG and Drillisch would pursue their own takeover and breakup of Freenet .",negative,0
"Turun kaupunkin , Finland based company has awarded contract to Lemminkainen Talotekniikka Oy for electrical installation work .",positive,2
"Key shareholders of Finnish IT services provider TietoEnator Oyj on Friday rejected a hostile EUR1 .08 billion $ 1.67 billion offer from buyout shop Nordic Capital , giving new life to a possible counter offer from Blackstone Group LP and Norwegian telecom Telenor ASA .",positive,2
"LONDON AFX - Shares in Rautaruukki Corp have been upgraded to ` hold ' from ` sell ' by ABN Amro , with the price target raised to 25.75 eur from 14.5 , said dealers .",positive,2
"It is a member of the OneWorld alliance , which includes American Airlines and British Airways .",neutral,1
Upon completion of the sale Proha would get some USD12 .7 m for its stake in Artemis .,neutral,1
The identity of the buyer is not yet known .,neutral,1
UPM-Kymmene said its has ` not indicated any interest in any domestic consolidations ' .,neutral,1
The original contract was signed last summer .,neutral,1
Technopolis has approximately 130 customer companies in Jyvaskyla .,neutral,1
Another firm Air Liquide was exempted because it left the market in 1998 .,neutral,1
"Commission income increased by 22 % to EUR 4.4 mn , and lending volume rose by 13.5 % .",positive,2
Net sales of the Vegetable Oil Business rose to EUR 10.6 mn from EUR 10.1 mn .,positive,2
"Thus the group 's balance sheet will have about EUR25 .8 m in goodwill for 2010 , the company added .",neutral,1
"ALEXANDRIA , Va. , May 16 -- Kenneth Bower of Vista , Calif. , has developed an ornamental design for a handset , the U.S. Patent & Trademark Office announced .",neutral,1
Operating profit improved by 39.9 % to EUR 18.0 mn from EUR12 .8 mn .,positive,2
"The latest date for registration is on 4 April , 2006 .",neutral,1
Stichting Pensioenfonds ABP : 4 118 122 shares representing 5.19 % of the share capital and voting rights .,neutral,1
"However , the offering will probably not be made at the current valuation , which partly derives from the deal in which the company was merged into a stock market shell .",neutral,1
"These financing arrangements will enable the company to ensure , in line with its treasury policy , that it has sufficient financial instruments at its disposal for its potential capital requirements .",positive,2
They both will report to Oriola-KD 's chief executive officer Eero Hautaniemi .,neutral,1
The maximum number of new shares to be offered is 22 million .,neutral,1
Increase in the number of shares is based on the option rights which were granted to the management of the company under the stock option plan 2006 .,neutral,1
The Line 4 will run fully underground and will comprise 10 stations which will be executed in two implementation stages .,neutral,1
"Estonia 's Agriculture Minister Helir-Valdor Seeder is in Finland on a two-day visit , in the course of which he will meet with his Finnish counterpart Sirkka-Liisa Anttila .",neutral,1
"Operating loss totaled EUR 0.8 mn , compared to a profit of EUR 0.5 mn .",negative,0
The intent of the article was to focus attention on the fact that the development model that China had followed was very different than the model that India had followed .,neutral,1
"The Internal Revenue Service sees about 20 percent of all taxpayers wait until the last two weeks to file , with about 40 million returns filed in April .",neutral,1
What we think ?,neutral,1
"Operating profit totalled EUR 21.1 mn , up from EUR 18.6 mn in 2007 , representing 9.7 % of net sales .",positive,2
Currency conversions are based on exchange rates at the time of the deal .,neutral,1
"In January-September 2010 , Fiskars ' net profit went up by 14 % year-on-year to EUR 65.4 million and net sales to EUR 525.3 million from EUR 487.7 million .",positive,2
Earnings per share EPS rose to EUR 0.11 from EUR 0.03 .,positive,2
Le Lay succeeds Walter G++nter and will be based in Finland .,neutral,1
Kemira 's partner in the project is St. Petersburg Water Works .,neutral,1
"The mall will be financed on a parity basis by Pearl Plaza LLC , the joint venture company established by the Chinese investor Shanghai Industrial Investment Holdings Co Ltd , and SRV Group .",neutral,1
"H+Ñkan Dahlstr+Âm , head of mobility services at TeliaSonera , has forecast that mobile data volume on the TeliaSonera network in Sweden will rise eight-fold to 200,000 TB by 2014 .",positive,2
"Operating profit totalled EUR 1.22 mn , down from EUR 3.56 mn in the first quarter of 2008 .",negative,0
The company distributes Hiab 's products as well as other products .,neutral,1
"For 24-hour news , try ICIS news www.icis.com Click `` trial '' , then ICIS news",neutral,1
`` The combined activities will create value for shareholders and be good for our employees and customers .,positive,2
Finnish elevators and escalators maker KONE Corporation said on Tuesday ( 18 March ) that it has received a major order from Sir Robert McAlpine to supply all elevators and escalators for the Watermark Place project in the City of London .,positive,2
"Following the registration , the number of issued and outstanding shares of Basware is 12,890,829 .",neutral,1
The turbines are expected to be launched by the end of 2012 .,neutral,1
"The remaining amount will be funded through debt , the Danish bank said .",neutral,1
"The platform is based built on Intel s second-generation MID platform , called Moorestown .",neutral,1
"The acquired plant has an annual capacity of some 300,000 tonnes and most of its production is sold to domestic customers .",neutral,1
Tielinja generated net sales of 7.5 mln euro $ 9.6 mln in 2005 .,neutral,1
"As part of the reorganization , Kauko-Telko Ltd will be divided into Telko Ltd , Leipurin Ltd , Hamina Terminal Services Ltd and Kaukomarkkinat Ltd. .",neutral,1
"The new company , DiaPol S.r.l. , would manufacture tools meant for glass and stone pre-processing .",neutral,1
"Supported Nokia phones include : N96 , N95-8GB , N95 , N93-N931 , N92 , N85 , N82 , N81 , N80 , N79 , N78 , N77 , N76 , N75 , N73 , N72 , N71 , E90 , E71 , E70 , E66 , E65 , E62 , E61-E61i , E60 , E51 , E50 , Touch Xpress 5800 , 6220 Classic , 6210 Navigator , 6120 Classic , 6110 Navigator , 5700 , 5500 , 5320XM .",neutral,1
Peigs www.peigs.se will become part of Sardus Latta Maltider Light Meals unit .,neutral,1
Short-term licenses for the games cost as little as $ 3 while purchasing a game outright can cost as much as $ 10 or $ 15 .,neutral,1
Any investment or investment activity to which this communication relates is only available to relevant persons and will be engaged in only with relevant persons .,neutral,1
"For 2009 , net profit was EUR 3 million and the company paid a dividend of EUR 1.30 apiece .",neutral,1
Dragonfly Love is another video shot from start to finish using the Nokia N8 .,neutral,1
Earnings per share EPS in 2005 decreased to EUR0 .66 from EUR1 .15 in 2004 .,negative,0
"( ADPnews ) - May 4 , 2010 - Finnish cutlery and hand tools maker Fiskars Oyj Abp ( HEL : FISAS ) said today its net profit declined to EUR 12.9 million ( USD 17m ) in the first quarter of 2010 from EUR 17 million in the correspond",negative,0
"Finnish Kemira 's net sales EUR decreased to EUR 1,259.6 mn in January-June 2009 from EUR 1,425.1 mn in January-June 2008 .",negative,0
"Digia said its consolidated net sales for January-June 2010 were EUR67 .8 m , up 9.7 % on the same period in 2009 ( EUR61 .9 m ) .",positive,2
Vianor sells tires for cars and trucks as well as a range of other car parts and provides maintenance services .,neutral,1
Passenger volumes rose by 8.4 % in the accounting period .,positive,2
"Previously , the plant was expected to be completed by the end of 2008 .",neutral,1
"The Stena Poseidon is a so-called Panamax tanker , designed to be able to pass through the narrow passages in the Panama Canal 's locks .",neutral,1
Less than ten people will face pension agreements .,neutral,1
Sales have risen in other export markets .,positive,2
As a part of the agreement 10 employees from the John Deere Forestry documentation functions will transfer to DokuMentori Oy .,neutral,1
The company operates power plants in the Tyumen and Chelyabinsk regions and in the Khanty-Mansi Autonomous District .,neutral,1
Kone shares dropped 4.1 percent to  x20ac 43 US$ 55.77 in Helsinki .,negative,0
"`` Adjustment to the fall in price level , in contrast , has been less effective .",negative,0
The ECB can mainly target inflation .,neutral,1
M. and a Master of Business Administration MBA .,neutral,1
in Q1 2010 18 May 2010 - Finnish electrical components maker Salcomp Oy ( HEL : SAL1V ) said today it turned to a net profit of EUR1 .6 m in the first quarter of 2010 versus a loss of EUR2m in the corresponding period last year .,positive,2
The sales of the Tiimari segment fell by 4.0 % year-on-year to EUR3 .3 m in June 2010 .,negative,0
The transactions would increase earnings per share in the first quarter by some EUR0 .28 .,positive,2
"The dividend is payable on February 1 , 2010 to shareholders of record on January 19 , 2010 .",neutral,1
"Finnish dental care group Oral Hammaslaakarit Oyj posted a total net profit of 849,000 euro $ 1.1 mln in the first nine months of 2006 versus a net loss of 331,000 euro $ 421,000 in the same period of 2005 .",positive,2
"The train is expected to cross the Russian territory in 9 days , reaching the Vostochny port .",neutral,1
"Cerberus Capital Management LP-backed printing paper maker NewPage Corp. has posted mixed second-quarter results , casting a cloud over its planned initial public offering .",negative,0
"Since the registration of the shares subscribed in a directed share issue , the new number of Panostaja shares and voting rights is 41,733,110 .",neutral,1
"In the Baltic countries , sales fell by 42.6 % .",negative,0
"Operating profit totaled EUR 9.4 mn , down from EUR 11.7 mn in 2004 .",negative,0
"Operating result showed a loss of EUR 2.9 mn , while a year before , it showed a profit of EUR 0.6 mn .",negative,0
This includes a EUR 39.5 mn change in the fair value of investment properties .,neutral,1
"With the new arrangement , customer responsibilities will become mainly regional .",neutral,1
Finnlines has six ships under construction in China with deliveries scheduled between the first quarter of 2011 and the final quarter of 2012 .,neutral,1
"Both operating profit and net sales for the 12-month period increased , respectively from EUR4 .7 m and EUR26 .7 m , as compared to 2004 .",positive,2
Activities range from the development of natural resources to the retailed marketing of finished products .,neutral,1
"Some of the most recent technology deliveries include refinery technology to Anrak Aluminium , an iron ore pelletizing plant to Tata Steel and iron ore sintering plants to Bhushan Steel .",neutral,1
"Operating profit totalled EUR 9.0 mn , down from EUR 9.7 mn in the first half of 2008 .",negative,0
"Consolidated net sales increased 16 % to reach EUR74 .8 m , while operating profit amounted to EUR0 .9 m compared to a loss of EUR0 .7 m in the prior year period .",positive,2
"You need to be ready when the window opens up , Rosberg said .",neutral,1
A total of $ 78 million will be invested in the project .,neutral,1
"Both operating profit and turnover for the six-month period increased , respectively , from EUR17 .6 m and EUR1149 .9 m , as compared to the corresponding period in 2007 .",positive,2
Incap Contract Manufacturing is a subsidiary of Incap Corporation of Finland .,neutral,1
"In addition , Cramo and Peab have signed exclusive five-year rental agreements in Finland and have extended their existing rental agreements in the Swedish market for another five years .",positive,2
"Due to rapid expansion , the market share of Tallink in terms of passenger carriage through Tallinna Sadam Port of Tallinn totaled 55 percent in November against 45.7 percent in November 2005 .",positive,2
The contract involves refurbishing the bathrooms of 189 units as well as re-plumbing their water and sewer pipes .,neutral,1
"It is being developed by Symbian , the software licensing consortium led by Nokia .",neutral,1
"The refining margin for the year was $ 13.39 - bbl , compared to $ 10.46 - bbl in the prior year .",positive,2
"- The Group -¦ s sales during the period were EUR 31.6 million EUR 36.6 million , 1-6/2007 and profit before taxes was EUR 0.2 1.3 million .",neutral,1
Basware Business Transactions Service enables the customer to receive and send invoices in an electronic format .,neutral,1
Finnish Stockmann Group 's mail order unit Hobby Hall has launched a trial marketing campaign in Russia .,neutral,1
"Finland-based Elcoteq SE , a privately held provider of electronics manufacturing services to communications companies , said Thursday it signed a long-term manufacturing supply deal with communications equipment company Andrew Corp. .",positive,2
Device volume in the area decreased by 21 % to 2.7 mn units .,negative,0
"Vaisala , headquartered in Helsinki in Finland , develops and manufactures electronic measurement systems for meteorology , environmental sciences , traffic and industry .",neutral,1
"Exel 's board of directors will propose a dividend of 0.2 euro $ 0.3 per share for 2006 at the annual general meeting on April 19 , 2007 .",neutral,1
"( ADP News ) - Oct 31 , 2008 - Finnish food company Raisio Oyj ( OMX : RAIVV ) said today that its net profit jumped to EUR 16.4 million ( USD 20.9 m ) for the first nine months of 2008 from EUR 1.1 million for the same period of 2",positive,2
"The works will include the laying of natural stone pavements and the installation of underground heating , and surface water drainage systems .",neutral,1
"Published by Globes online , Israel business news - www.globes-online.com - on November 16 , 2009 -® Copyright of Globes Publisher Itonut 1983 Ltd. 2009",neutral,1
"In providing managed services , Nokia takes responsibility for building , operating and transferring as well as optimising the Indosat 3G network .",neutral,1
Terms were not disclosed .,neutral,1
Cargotec Germany GmbH has been awarded a contract by Stadtverwaltung Mainz for chassis bodies under Open procedure .,positive,2
"Kemira 's R&D organization comprises approximately 750 people , the company said .",neutral,1
"- The Group -¦ s cumulative sales during the review period were EUR 48.2 million EUR 53.1 million , 1-9/2007 and profit before taxes was EUR 1.2 1.4 million .",neutral,1
Relations with the City have been further damaged by comments from Mr Ashley criticising City investors and analysts as `` cry babies '' .,negative,0
The pretax profit of the group 's life insurance business increased to EUR 36 million from EUR 27 million .,positive,2
"The buildings , with about 40 condominiums each , will be built in 4 or 5 stages .",neutral,1
The project is expected to be completed in 2009 .,neutral,1
Mr. Kari Stadigh will carry on as Chairman of the Board and Mr. Matti Arteva as Vice-Chairman .,neutral,1
"Finnair 's passenger load factor , which measures the number of sold seats as a share of all available seats , dropped by 1.3 percentage points to 76.7 % in September .",negative,0
"The company said that the operations will be sold to a newly established company , CPS GmbH , where the present management of the plastics business is a co-owner .",neutral,1
The Swedish subsidiary holds 1.0 % net smelter return `` NSR '' royalties over two advanced copper projects in northern Sweden - the Viscaria and Adak Projects - being developed by Avalon Minerals Ltd. ASX : AVI .,neutral,1
"Finland 's leading metals group Outokumpu said its fourth-quarter net profit more than tripled on the back of strong global demand for stainless steel , soaring base metal prices and proceeds from the sale of its technology unit .",positive,2
"Operating profit totalled EUR 9.6 mn , down from EUR 42.0 mn the year before .",negative,0
Our standardised services have met with a positive reception among our customers as well as at Itella .,positive,2
"The company said that paper demand increased in all of its main markets , including of publication papers , and that it increased average paper prices by 4 percent compared with last year .",positive,2
Net sales revenue per passenger is expected to increase .,positive,2
"Also , a six-year historic analysis is provided for these markets .",neutral,1
The net sales decreased to EUR 49.8 million from EUR 59.9 million .,negative,0
`` Printed fabrics and related design expertise have always been the core of Marimekko 's business and brand .,neutral,1
The Group 's order portfolio decreased from EUR 42.9 mn in 9-2007 to EUR 33.3 mn in 2-2008 .,negative,0
"Our customers include companies in the energy and process industry sectors , in particular .",neutral,1
"After the sale , Savcor Group Ltd will comprise Savcor ART , a corporate function and an investment in Cencorp Corporation .",neutral,1
"Finnish electronics contract manufacturer Scanfil reports net sales of EUR 58.9 mn in the second quarter of 2007 , down from EUR 62.4 mn a year earlier .",negative,0
"Raute reported a loss per share of EUR0 .86 for the first half of 2009 , against EPS of EUR0 .74 in the corresponding period of 2008 .",negative,0
The company has 120 employees and annual sales of approximately EUR16m .,neutral,1
"Operating profit totaled EUR 3.8 mn , down from EUR 4.5 mn in the corresponding period in 2005 .",negative,0
"The Helsinki-based company , which also owns the Salomon , Atomic and Suunto brands , said net profit rose 15 percent in the three months through Dec. 31 to (  x20ac ) 47 million ( $ 61US million ) , from (  x20ac ) 40.8 million a year earlier .",positive,2
Nordea Group 's operating profit increased in 2010 by 18 percent year-on-year to 3.64 billion euros and total revenue by 3 percent to 9.33 billion euros .,positive,2
"LEED is an internationally recognized green building certification system , developed by the U.S. Green Building Council .",neutral,1
20 October 2010 - Finnish metal products company Componenta Oyj HEL : CTH1V said yesterday that its net loss narrowed to EUR7m for the first nine months of 2010 from EUR23 .3 m for the same period of 2009 .,positive,2
Aspo 's Group structure and business operations are continually developed without any predefined schedules .,neutral,1
"Sales in Finland decreased by 2.0 % , and international sales decreased by 9.3 % in terms of euros , and by 15.1 % in terms of local currencies .",negative,0
"Finnish software developer Basware Oyj said on November 30 , 2006 its U.S. subsidiary Basware , Inc. won an order to provide software for contract lifecycle management to an unnamed U.S. medical technology company .",positive,2
"Founded in 1985 , Quatrocon 's clientele consists of public sector builders , central trading companies and major construction firms .",neutral,1
Danske Bank is Denmark 's largest bank with 3.5 million customers .,neutral,1
"Net sales totaled EUR 93.6 mn , up from EUR 93.2 mn in the corresponding period in 2005 .",positive,2
"According to CEO Matti Perkonoja of the parent company HKScan , the company 's performance in the first quarter of 2010 has remained clearly below the level of the corresponding period in 2009 .",negative,0
"A Helsinki : ELIiV today reported EPS of EUR1 .13 for 2009 , an increase over EPS of EUR1 .12 in 2008 .",positive,2
"The cosmetics collection includes an eye shadow , face powder , lip gloss , mascara and accessories .",neutral,1
"Protalix closed at $ 10.71 on Friday on the American Stock Exchange , giving a market cap of $ 827 million .",neutral,1
Below are unaudited consolidated results for Aspocomp Group under IFRS reporting standards .,neutral,1
Autotank Group is part of Aspo 's Systems Division .,neutral,1
He joined Rautakirja in 1997 to lead one of its four business areas and took up the position of President and CEO in 2001 .,neutral,1
The total capacity of the factory will be approximately 100 engines a year .,neutral,1
"Revenue grew by 2 percent to  x20ac 580 million $ 743 million , from  x20ac 569 million .",positive,2
Timo Penttila has been appointed new manager responsible for the asset management of Nordea 's institutional customers in Finland .,neutral,1
"Ragutis , which is controlled by the Finnish brewery , reported a 5.4-per-cent rise in beer sales to 10.44 million litres and held an 11.09-per-cent market share .",positive,2
"A total of 15,000 new Citycon shares with a nominal value of EUR 1.35 per share were subscribed between 17 and 23 March 2006 exercising the A-B-C options based on the company 's stock option plan 1999 .",neutral,1
The final outcome of the rights offering is to be reported around 23 October 2009 .,neutral,1
The combined value of the planned investments is about EUR 30mn .,neutral,1
The agreement strengthens our long-term partnership with Nokia Siemens Networks .,positive,2
"Finnish construction group Lemminkainen Oyj HEL : LEM1S said today it has won a contract to provide technical services for the Nevsky Centre shopping mall to be opened in November in St Petersburg , Russia .",positive,2
"Goodwill and other intangible assets account for some 2.0 mln euro ( $ 2.6 mln ) of the purchase price , 20 pct of which payable in Aspo shares .",neutral,1
"Tekla will organize an information meeting for analysts and media at WTC Helsinki Marski meeting room , Aleksanterinkatu 17 , the same day at 12:30 - 1:30 p.m. Light lunch will be served .",neutral,1
"HELSINKI ( AFX ) - Nokian Tyres reported a fourth quarter pretax profit of 61.5 mln eur , up from 48.6 mln on the back of strong sales .",positive,2
"In the third quarter of 2007 , net sales totaled EUR 25.95 mn , and operating profit EUR 3.88 mn .",neutral,1
A filter is used to pre-process packets to determine if they need to be further processed by the processor of the network device .,neutral,1
Scanfil has also issued a profit warning .,negative,0
"In the third quarter , net sales increased by 12 % year-on-year to EUR159 .5 m , or by 6 % at comparable currency rates growth .",positive,2
The plan is estimated to generate some EUR 5 million ( USD 6.5 m ) in cost savings on an annual basis .,positive,2
"Finnish construction company YIT Oyj said on November 13 , 2007 it won a 70 mln euro $ 102.8 mln contract to construct the new office building for local property company Tapiola Real Estate Oy .",positive,2
"The objective is that trading in the shares will commence on May 2 , 2007 .",neutral,1
"Igor and Oleg Yankov , who currently manage Moron and Vitim , will hold onto the 25 % stake for now .",neutral,1
"In addition to verification of an identity and digital signatures , new state-approved Mobile ID enables to cast votes in elections as well .",neutral,1
"The maximum grade of the veneer yield is calculated , based on the dimensions and grades of the veneer products , as well as by iterating the places of the peeling axes and simulating the peeling process .",neutral,1
The new SEPA cads will replace Finnish bank cards .,neutral,1
"In the reporting period , net sales rose by 8 % year-on-year to EUR64 .3 m , due to the business acquisitions realized during the first half of 2008-09 , the effect of which was EUR10 .9 m in the review period .",positive,2
"Ragutis , controlled by the Finnish brewery Olvi , achieved a 5.7 percent rise in beer sales to 22.6 million liters and held a 10.75 percent market share .",positive,2
Return on investment was 16.6 % compared to 15.8 % in 2004 .,positive,2
The estimated value of the deal is USD 9.2 million .,neutral,1
"Finnish GeoSentric 's net sales decreased to EUR 939,000 in January-March 2009 .",negative,0
"Liquid handling products include electronic and mechanical pipettes , disposable tips as well as pipette maintenance and calibration services for research institutions , healthcare and industrial laboratories .",neutral,1
The contract value amounts to EUR 2.4 million .,neutral,1
"Finnish bank Pohjola Bank Plc HEL : POH1S said today that it will issue a EUR 40 million USD 51.2 m index-linked bond , Pohjola Tutkimuksen Tahdet VIII-2010 Pohjola Research Stars VIII-2010 , on October 27 , 2010 .",neutral,1
The previous offer was 3.4 % of voting rights and 12.3 % of capital .,neutral,1
"OUTOTEC OYJ PRESS RELEASE DECEMBER 4 , 2009 10.30 AM Outotec establishes a new subsidiary in Kolkata Outotec has established a subsidiary in India in order to better serve its Indian customers and to increase its business in the growing Indian market .",positive,2
"However , the brokers ' ratings on the stock differ .",neutral,1
"Below are consolidated , unaudited results for Amanda Capital under IFRS reporting standards .",neutral,1
"In the fourth quarter of 2008 , net sales increased by 2 % to EUR 1,050.7 mn from EUR 1,027.0 mn in the fourth quarter of 2007 .",positive,2
"The order also covers design services , hardware , software licences , as well as maintenance services over six years .",neutral,1
The situation of coated magazine printing paper will continue to be weak .,negative,0
"Finnish electronics contract manufacturer Scanfil reports net sales of EUR 241.2 mn in 2006 , down from EUR 321.6 mn in 2005 .",negative,0
"The parties have agreed not to disclose the price of the deal , the group said in a press release .",neutral,1
Saunalahti is a part of the Elisa group .,neutral,1
"Conference Call To participate via a conference call , please dial in 5-10 minutes before the beginning of the event : +44 0 20 7162 0025 Europe or +1 334-á323-á6201 USA .",neutral,1
"International sales rose by 59.8 % to EUR 1,244.4 mn .",positive,2
"EBIT totalled EUR 14.4 mn , compared to a loss of EUR 0.3 mn in the corresponding period in 2009 .",positive,2
Rapala Fishing Frenzy 2009 .,neutral,1
"For the first nine months of 2010 , Talvivaara 's net loss narrowed to EUR 8.3 million from EUR 21.9 million for the same period of 2009 .",positive,2
Officials did not disclose the contract value .,neutral,1
"The order comprises all production lines for a plywood mill , company said in a statement received by Lesprom Network .",neutral,1
The group 's net sales in 2007 were EUR683 .6 m.,neutral,1
Last year 's net sales rose to EUR 68.3 million from EUR 62.2 million .,positive,2
"Net cash flow from operating activities was a negative EUR 3.1 mn , compared to EUR 23.3 mn in the corresponding period in 2009 .",negative,0
"ISMS does not disclose its financial results , the daily said .",neutral,1
"The currency effect had a 3.0 pct , or 20 mln euro ( $ 31.3 mln ) , negative impact on the revenue .",negative,0
"The EBRD is using its own funds to provide a 21.6 mln A loan while the B portion of 10 mln Euros has been syndicated to two Finnish commercial banks , Nordea Bank Finland Plc 7.7 mln Euros and Pohjola Bank Plc 2.3 mln Euros .",neutral,1
No service pricing details were disclosed .,neutral,1
"Operating profit of operations in Finland in the period under review totaled EUR 11.3 mn , remaining at the 2005 level .",neutral,1
"France T+®l+®com spent more time studying TeliaSonera than other potential takeover targets because it has a shareholder that wants to sell , Pellissier said .",neutral,1
The report contains category level company and brand share as well as distribution share information for 2007 and 2008 .,neutral,1
Finnair 's total traffic decreased by 8.7 % in terms of revenue passenger kilometres .,negative,0
The proposal that the Board of Directors will make at the Annual General Meeting is attached as a whole to this release .,neutral,1
"These include software development for internet and mobile telephone content , communications , value-added software , financial services , security applications , systems integration and electronics , '' EBRD informed .",neutral,1
"The decision reflects the underutilisation of the line , which produces nonwovens used in medical and wipes applications as well as for the automotive industry .",neutral,1
"The money will be spread mainly over 2011 and 2012 , the company said .",neutral,1
"Finnish IT consultancy Satama Interactive Oyj said on November 13 , 2006 that Jarmo Lonnfors took up the position of CEO .",neutral,1
"Operating profits in the half were  0.8 m , down from  0.9 m as Glisten invested in the brand and the management team .",negative,0
"We know that it exists , '' Artemyev said .",neutral,1
LONDON MarketWatch -- Nokia nok said it 's won a five-year services contract to run Hutchison Essar 's network operations in nine locations in India .,positive,2
"Acando AB ( ACANB SS ) fell 8.9 percent to 13.35 kronor , the lowest close since Dec. 11 .",negative,0
Mr K.R. Vasantha has been appointed Managing Director of Incap Contract Manufacturing Services Pvt. Ltd. .,neutral,1
"As an alternative to the share exchange , Panostaja offers a full cash consideration at the value of 1.27 euro $ 1.7 per share .",neutral,1
"3 January 2011 - Scandinavian lenders Sampo Bank ( HEL : SAMAS ) , Pohjola Bank ( HEL : POH1S ) and Svenska Handelsbanken ( STO : SHB A ) have provided a EUR160m ( USD213m ) line of credit to Lemminkainen Oyj ( HEL : LEM1S ) , the Finnish construction firm said on Friday .",neutral,1
"At some point , it will spread also to Iran and Iraq .",neutral,1
"Retail chain Suomen L+ñhikauppa was given the index 5.8 , airline SAS 5.8 , TeliaSonera 's broadband 6.1 , German retail chain Lidl 6.1 , Tele Finland 's mobile subscriptions 6.1 , Tallink shipping line 6.3 , and power company Helsinki Energy 6.3 .",neutral,1
"Last July , the group said it intended to relocate warehouse and office space in Loudeac and Saint Marcel to Morvillars , in the east of France , where it already operates a hook manufacturing and distribution unit .",neutral,1
"Profit for the period totalled EUR 1.1 mn , down from EUR 1.6 mn in the third quarter of 2008 .",negative,0
"Operating profit was EUR -0.1 mn , down from EUR 1.3 mn .",negative,0
The investment would be some EUR5m .,neutral,1
"In Sweden , operating profit for the period under review totaled EUR 3.4 mn , up 30.8 % from the corresponding period in 2005 .",positive,2
"Neste oil 's board proposed 1.00 eur dividend for the full-year 2007 , compared with 0.90 eur a year ago .",positive,2
"The 3C Expo is a signature show in Dongguan , which is supported by the Dongguan Municipal Government every year , featuring computer accessories , software , communication and network products .",neutral,1
"Profit per share was EUR 1.03 , up from EUR 0.87 .",positive,2
"The aim of the CEO 's Q&A sessions is to give further clarity on information , which has been made public already earlier .",neutral,1
Why not subscribe to the magazine ?,neutral,1
"The selling consortium includes funds managed by OKO Bank 's venture capital unit , Bio Fund Management and Finnish Industry Investment , a government-owned investment group .",neutral,1
The Financial Statements and Interim Reports will be released around at 9.00 a.m. ( Finnish time ) on the given dates .,neutral,1
"The changes will take effect on 1 January 2010 , and they are not estimated to have an impact on the number of employees .",neutral,1
"Finnish consulting and engineering group Poyry Plc ( OMX Helsinki : POY ) said on Wednesday ( 1 October ) that it has been awarded a contract by Tanqia Dibba FZC as owner-engineer for the wastewater system of Dibba , Emirate of Fujairah , UAE .",positive,2
They will be sunk to a depth of some 360-380 metres and fixed to the bottom mud by vacuum .,neutral,1
"FinancialWire tm is not a press release service , and receives no compensation for its news , opinions or distributions .",neutral,1
"Operating profit surged to EUR21m from EUR106 ,000 .",positive,2
"Kalnapilio-Tauro Grupe ( Kalnapilis-Tauras Group ) , which is owned by Denmark 's Royal Unibrew , raised its market share to 25.18 percent from 23.74 percent , as beer sales for the seven months jumped by 14.5 percent to 40.5 million liters .",positive,2
`` Our aim is to understand different traffic patterns based on the use of each building .,neutral,1
"As part of the transaction , the +ä+ñnekoski paper mill remained in M-real 's ownership and continued Galerie Art production for Sappi under a long-term contract .",neutral,1
"Operating profit was EUR 139.7 mn , up 23 % from EUR 113.8 mn .",positive,2
"Under the transaction agreement , Metsaliitto will purchase 24.7 % of Metsa-Botnia 's shares from UPM and 3 % from M-real .",neutral,1
The company specialises in temporary electrification and heating at construction sites .,neutral,1
"Nordic banks have already had to write off sizable loans in Latvia , with Swedbank , Nordea , DnB NOR and SEB reporting combined losses in excess of $ 1.35 billion in the period 2007 to 2010 against a backdrop of near economic meltdown in Latvia .",negative,0
"These new units will be built at Cargotec 's state of the art manufacturing facility in San Antonio , Texas , USA , which started operations in 2009 .",neutral,1
"SDM offers general rental equipment , aluminium scaffolding , power generator and hoists to customers in the construction sector .",neutral,1
The company also said that in Poland a profitability program has been launched at the Oborniki steel frame and sandwich panel plant .,positive,2
The deal is subject to approval by the Norwegian competition authorities .,neutral,1
Their names have not yet been released .,neutral,1
"However , net sales in 2010 are seen to have grown to EUR598 .3 m from EUR582 .3 m in 2009 .",positive,2
Passenger-related revenue rose by 5.1 % to EUR 460.8 mn from EUR 438.5 mn in 2009 .,positive,2
The expanded company will continue to be called NewPage .,neutral,1
Operating profit improved by 27 % to EUR 579.8 mn from EUR 457.2 mn in 2006 .,positive,2
"In September alone , the market declined by 10.2 percent year-on-year to 19.28 million liters .",negative,0
"Pretax profit totaled EUR 9.0 mn , down from EUR 36.3 mn in 2007 .",negative,0
Pharmaceuticals group Orion Corp reported a fall in its third-quarter earnings that were hit by larger expenditures on R&D and marketing .,negative,0
Choose from a Giant Countdown with red head or rainbow trout -- or the Giant Shad Rap in perch color .,neutral,1
"The maximum obligated total trades per day is ISK 400,000,000 market value .",neutral,1
"Koduextra is operating a retail chain of 11 stores , controlled by Finnish Non-Food Center KY , Rukax OY , and Scan-Tukka OY .",neutral,1
- Cash flow from operating activities before investments was EUR 7.6 million EUR 2.5 million .,neutral,1
"The steelmaker said that the drop in profit was explained by the continuing economic uncertainty , mixed with the current drought in bank lending , resulting in a decline in demand for its products as customers find it increasingly difficult to fund operations .",negative,0
"The latest result included per-share charges of 5 cents for stock compensation , 1 cent for research and development and 1 cent for strategic investments .",neutral,1
The value of the orders is over EUR 10mn .,neutral,1
The event can be followed on-line via Orion 's Finnish homepage at www.orion.fi as well as via the Kauppalehti Live web service at www.kauppalehti.fi/live .,neutral,1
COMPTEL CORPORATION Sami Ervio President and CEO Distribution : NASDAQ OMX Helsinki Major media Comptel Dynamic OSS solutions enable telecom service providers to deliver services flexibly and charge them effectively .,neutral,1
"The contract includes software licences , application maintenance and training .",neutral,1
The first of the two project phases is expected to be completed by the end of 2012 .,neutral,1
"Finnish airline Finnair has won a deal with the UK public sector to be the official airline for flights from London Heathrow to Osaka in Japan , as well as flights between Manchester in the UK and Helsinki in Finland .",positive,2
And that 's exactly what happened on a recent weekday when an East Haven baker was brought in to remind residents about the Easter tradition of making wheat and rice pies .,neutral,1
"Initial estimated total value of the contract was 250 000 Euros , excluding VAT .",neutral,1
The deal will have no significant effect on the acquiring company 's equity ratio .,neutral,1
The hull of the vessel was built one block at a time and Ruukki delivered the plate material for each block as construction progressed .,neutral,1
Export declined by 6 percent to 16.4 million liters .,negative,0
This wood lacquered clock comes with a stripy hand-crocheted cover .,neutral,1
Outotec 's net profit for the second quarter of 2007 jumped to 16.8 mln euro ( $ 23.1 mln ) from 4.6 mln euro ( $ 6.3 mln ) a year ago .,positive,2
An audio webcast will be available live and archived on Cerner 's Web site at www.cerner.com .,neutral,1
Finnair said that the cancellation of flights would cause daily losses of  x20ac 2.5 million US$ 3 million .,negative,0
It also turned to earnings per share ( EPS ) of EUR 0.08 versus loss per share of EUR 0.04 .,positive,2
"These sections will be put into place to form the load-bearing steel structure of the bridge , '' says Sami Eronen , Senior Vice President , Infrastructure and Northern Europe , Ruukki Construction .",neutral,1
"It operates under three distinct brands : United Supermarkets , Market Street and United Supermercado .",neutral,1
"Progress Group , QPR 's representative in Saudi Arabia and North Africa , has signed a framework agreement for a long term strategic relationship with ISE .",positive,2
AffectoGenimap builds highly customised IT solutions for its customers in Finland and the Baltic countries .,neutral,1
"Operating profit of Kauppalehti group rose to EUR 1.5 mn from EUR 1.3 mn , and that of Marketplaces to EUR 1.3 mn from EUR 1.0 mn in the third quarter of 2006 .",positive,2
"schwalm ( at ) outotec.com Eila Paatela , Vice President - Corporate Communications tel. +358 20 529 2004 , mobile +358 400 817198 e-mail eila .",neutral,1
"Sanoma Learning & Literature , offering print and digital learning materials , is present in eleven countries .",neutral,1
Nordea was the cheapest also for a couple in their 30s with debt .,neutral,1
"Finland 's Technopolis is planning to bring the first section of a technopark on stream in St. Petersburg at the end of 2008 , Kari Mikkonen , vice president of Technopolis , told reporters in Helsinki .",neutral,1
The exercise originated in Finland in the early 1930s as a training method for cross-country skiers .,neutral,1
"If Honkarakenne starts production there , it will need a partner for sawmill operations .",neutral,1
"YIT lodged counter claims against Neste Oil totaling some EUR25m , primarily based on work carried out under the contract and additional costs incurred due to prolongation of the project .",negative,0
"M-real , which is part of Finnish paper maker Metsaliitto Group , is due to release its second-quarter report at around 12:00 EET on 5 August 2010 .",neutral,1
"HELSINKI Thomson Financial - Shares in Cargotec fell sharply in early afternoon trade after the cargo handling group posted a surprise drop in April-June profits , which overshadowed the large number of new orders received during the three months .",negative,0
`` The issues identified by Stonesoft affect a range of content inspection technology .,neutral,1
"The guidance has been set at 90 basis points over mid-swaps , the report said .",neutral,1
"Our customers come from the following countries : UK , USA , Spain , France , Italy , Germany , China , Hong Kong , Sweden , Norway , Netherlands , Austria , Belgium , Switzerland , Czech Republic , Finland , Canada , Russia , Ukraine , Denmark , Ireland , South Korea and Liechtenstein .",neutral,1
"Ruukki 's delivery includes steel structures , including installation , for Krakeroy bascule bridge and steel piles for the bridge foundations .",neutral,1
More than 80 special events in the three counties during four months were hosted by the library system and its nine branch libraries .,neutral,1
Russia 's Video International Group holds a controlling stake in Russian Media Ventures .,neutral,1
"German Commerzbank AG 's Hamburg Branch and US JP Morgan ( NYSE : JPM ) participated as arrangers , and Dutch ING ( AMS : INGA ) as co-arranger .",neutral,1
"The customer is then forwarded to the site , and unknown to him logged in with the first number .",neutral,1
"The subsidiary will be responsible for filter sales , local assembly of filters and after market services in China .",neutral,1
"Cargo traffic fell 1 % year-on-year to 8,561 tonnes in September 2009 .",negative,0
Finnish media company Talentum Oyj 's net profit decreased to 2.5 mln euro ( $ 4.0 mln ) for the first quarter of 2008 from 3.0 mln euro ( $ 4.7 mln ) for the same period of 2007 .,negative,0
The net sales of the whole fiscal year 2008 will be lower than in 2007 and operating profit is estimated to be negative .,negative,0
Operating profit rose to EUR 3.11 mn from EUR 1.22 mn in the corresponding period in 2009 .,positive,2
"An  of the invention , released by the Patent Office , said : `` A non-coherent search matrix is formed of said correlation function matrix .",neutral,1
"Russian export duties will activate harvesting in Finland , and sales in Russia will increase also .",positive,2
"Before Kemira 's installation NordAlu was producing 3,500 tons of liquid and solid aluminum waste per year .",neutral,1
"Tecnomen 's solution can be used for prepaid and post-paid billing , for charging and rating of voice and video calls , data traffic and any kind of content services in both mobile and fixed networks .",neutral,1
"Tikkurila Powder Coatings has some 50 employees at its four paint plants , which generated revenues of EUR2 .4 m USD3 .3 m in 2010 .",neutral,1
Finnish laboratory liquid handling and diagnostic test systems developer Biohit Oyj OMX Helsinki : BIOBV issued on Tuesday 3 June a profit warning for the financial year 2008 .,negative,0
"Subscribers of China Unicom , the nation 's second largest mobile phone operator after China Mobile , are expected to release pictures , videos and blog on the Internet via mobile phones as of March 2008 .",neutral,1
RL-Nordic is a part of Raiffeisen-Banking-Group Austria and is a subsidiary to Raiffeisen-Leasing GmbH in Austria .,neutral,1
"`` The number of collection errors fell considerably , and operations speeded up .",positive,2
UPM stock fell 3 percent to EURO 12.49 $ 17.24 in early afternoon trading in Helsinki .,negative,0
"The market value of one crane is some USD6m , reported the Finnish news agency STT .",neutral,1
"Both operating profit and net sales for the 12-month period increased , respectively from EUR20 .8 m and EUR177 .7 m , as compared to the financial year 2004 .",positive,2
"The stock is trading above both its MAPs and the 50-day MAP of SEK72 .983 is higher than the 200-day MAP of SEK70 .283 , a bullish indicator .",positive,2
"Operating loss totalled EUR 0.9 mn , down from a profit of EUR 2.7 mn .",negative,0
"BAVARIA Industriekapital AG 's 2006 revenues were EUR 333 million , with an EBITDA of EUR 51 million .",neutral,1
TELE2 Affarsvarlden gave a `` buy '' recommendation on mobile operator Tele2 AB and a share price target of 142 crowns ( $ 23.54 - 15.19 euro ) .,positive,2
Swedbank 's shares have been hardest hit of the Swedish banks by the ongoing international financial crisis .,negative,0
Neste Shipping is the most likely to remain Finnish as the oil sector and its transports are significant for emergency supply .,neutral,1
Net sales of Finnish food industry company L+ñnnen Tehtaat 's continuing operations increased by 13 % in 2008 to EUR 349.1 mn from EUR 309.6 mn in 2007 .,positive,2
"The business had gross written premiums of EUR152 .4 m (  91.5 m ) in 2000 , a net combined ratio of 133 % and 175 staff in total with offices in the UK , Germany and Benelux .",neutral,1
"Upon establishment , the plan is directed to approximately 20 persons .",neutral,1
"Established in 1987 , the SRV Group is a private Finnish construction concern with operations in Finland , the Baltic countries and Russia .",neutral,1
Olvi has posted a strong set of figures for the first six months of this year .,positive,2
Kauko-Telko 's centralized administration will be dissolved and appropriate parts of it will be transferred to operating activities and Group administration by the end of the year .,neutral,1
The company says the measures are no longer needed .,neutral,1
"We succeeded in increasing our market share of sold apartment '' , comments Mr Kari Kauniskangas , Head of YIT International Construction Services .",positive,2
The value of the order is about EUR 30mn .,neutral,1
"At this growth rate , paying off the national debt will be extremely painful .",negative,0
The contract includes heating plant equipment and associated installation work .,neutral,1
"Based on the first quarter result , existing order backlog and new order prospects , the company expects that full-year sales will contract by 25 % from 2008 , the gross margin will stay at a healthy level , and the operating profit margin will be lower than in 2008 due to lower sales volume .",negative,0
Finnish Bank of +àland reports its operating profit fell to EUR 4.9 mn in the third quarter of 2007 from EUR 5.6 mn in the third quarter of 2006 .,negative,0
"The donations are granted to Aalto University and the universities of Helsinki , Tampere , Turku , Eastern Finland , Jyv+ñskyl+ñ , Oulu and Vaasa , and to polytechnics to be announced later .",neutral,1
HK Ruokatalo 's target is to know the consumers .,neutral,1
( The acquisition sum has not been disclosed . ),neutral,1
Ruukki Group calculates that it has lost EUR 4mn in the failed project .,negative,0
"Tekla 's defense business employs over 20 persons and is located in Espoo , Finland .",neutral,1
"Operating profit totaled EUR 5.5 mn , up from EUR -0.7 mn .",positive,2
Quality chargers under CHARGZ brand are sold in selected retail stores and other sales locations world-wide .,neutral,1
"The contract covers turnkey deliveries to all five airports operated by the authority -- John F Kennedy , LaGuardia , Newark , Teterboro and Stewart International .",neutral,1
"In accordance with the terms and conditions of Alma Media 's 2006 option program , the share subscription price for the 2006A option rights was EUR 4.88 per share and the book countervalue EUR 0.60 per share .",neutral,1
The adjustments concern staff in both the Specialty Papers and the Fiber Composites segments .,neutral,1
"It is part of the development of the world-class magnetite deposit at Karara , which has the known potential for over 30 million metric tons of annual processing of magnetite over its estimated 30-year life .",neutral,1
Finnish department store chain Stockmann Oyj Abp net profit rose to 39.8 mln euro ( $ 56.8 mln ) for the first nine months of 2007 from 37.4 mln euro ( $ 53.4 mln ) for the same period of 2006 .,positive,2
Subject-matter of the invention furthermore is the use of the cyclone for separating partly molten particles . '',neutral,1
The company moved to an operating profit of EUR10 .9 m versus an operating loss of EUR15 .3 m. It also turned to EPS of EUR0 .08 versus loss per share of EUR0 .04 .,positive,2
Its market share widened to 48.51 percent from 48.31 percent a year earlier .,positive,2
Return on investment ROI was 4.1 % compared to 43.8 % in the first half of 2008 .,negative,0
Runway Visual Range is a calculated assessment of the distance that a pilot can see down a runway .,neutral,1
"Outotec 's scope of delivery covers the engineering , supply of special equipment and services for a calcination plant with two circulating fluid bed calciners .",neutral,1
The bank 's leasing arm Nordea Liising ended the year with a profit of 4.4 million euros .,neutral,1
"comparable operating profit totaled EUR 854mn , up from EUR 730mn in 2004 .",positive,2
"Aldata Solution Oyj Bertrand Sciard President and CEO Further information : Aldata Solution Oyj , Bertrand Sciard , President and CEO , tel. +33 1 46 48 28 00 Aldata 100 % Retail-Wholesale At Aldata 100 % of our business is dedicated to retail and wholesale business improvement .",neutral,1
"Finnish silicon wafer technology company Okmetic Oyj ( OMX Helsinki : OKM1V ) reported on Thursday ( 7 August ) an operating profit of EUR5 .3 m for the period January-June 2008 , up from EUR3 .3 m in the corresponding period in 2007 .",positive,2
"In the first nine months of 2010 , the company 's net loss narrowed to EUR 415,000 from EUR 7.4 million for the corresponding period of 2009 .",positive,2
Finnish-Swedish TietoEnator is expanding its business quickly in Russia .,positive,2
The transaction included also the transfer of the lease agreement concerning manufacturing premises and employment agreements related to these operations .,neutral,1
"Cargotec 's sales totalled EUR 3.4 billion in 2008 and it employs approximately 11,000 people .",neutral,1
"Revenue from July to September grew 21 percent to EURO 2.3 billion , the Finnish company said Thursday .",positive,2
"Cargotec Corporation , Press Release , August 26 , 2008 at 10 a.m. Finnish time Cargotec 's MacGREGOR business area providing marine cargo handling and offshore load handling solutions has received significant offshore crane retrofit order .",positive,2
"Food sales totalled EUR 323.5 mn in October 2009 , representing a decrease of 5.5 % from October 2008 .",negative,0
"Stockholm-based Nordea Bank ( STO : NDA ) said yesterday it had hired Casper von Koskull to lead its corporate merchant banking and capital markets unit , effective 1 September .",neutral,1
The soapstone deposits in the Medvezhyegorsk area are expected to increase Tulikivi 's current reserves considerably .,positive,2
"In December alone , the members of the Lithuanian Brewers ' Association sold a total of 20.3 million liters of beer , an increase of 1.9 percent from the sales of 19.92 million liters in December 2004 .",positive,2
"According to preliminary data from Slovakia 's Statistics Office , goods worth E36 .4 million were imported from Finland between January and October 2010 , making up 0.1 percent of Slovakia 's total imports .",neutral,1
"The order includes a log handling line , peeling line and drying line for the production of parquet base layer veneer for Plyfa 's Hassela mill , central Sweden .",neutral,1
"The company operates worldwide and employs in total approximately 47,000 persons .",neutral,1
The value of the firm 's forestry holdings increased by SEK 3.6 bn .,positive,2
In 2007 Etteplan reported a turnover of EUR125 .2 m.,neutral,1
25 November 2010 - Finnish paints and coatings company Tikkurila Oyj ( HEL : TIK1V ) said today that Finnish state-owned investment company Solidium Oy sold its 14.7 % stake in the company for a total of EUR98m .,neutral,1
"Having a China based operation will not only enable us to fully leverage our resources and expertise in wireless solutions , but also strengthen our capability to offer industry-leading products for our customers in China . ''",positive,2
"Patrick Jeambar will also continue being responsible for Innovation and Health , safety and environment HSEA functions of Ahlstrom Corporation .",neutral,1
"Svyturys-Utenos Alus , which is controlled by the Nordic group Baltic Beverages Holding ( BBH ) , posted a 4.7-per-cent growth in beer sales for January-May to 46.22 million litres .",positive,2
"POYRY PLCCompany Announcement 10 December 2010 at 4.10 p.m. Pursuant to Poyry PLC 's stock option program 2004 , 63 792 new shares of the company have been subscribed since 27 October 2010 with stock options 2004B .",neutral,1
The corrected chapter is in its entirety below .,neutral,1
"In the fourth quarter of 2009 , Orion 's net profit went up by 33.8 % year-on-year to EUR33m .",positive,2
"Under the rental agreement , Stockmann was committed to invest in the building of a bridge over the Gogol Street or build an underground tunnel for crossing the street by 2004 .",neutral,1
Operating profit improved to EUR 20.3 mn from EUR 11.4 mn .,positive,2
SKF 6 April 2010 - Alandsbanken has given a `` buy '' recommendation on Swedish industrial company SKF AB ( STO : SKF B ) with a share price target of SEK150 .,positive,2
"ITG 's share in the deal is estimated at some 500,000 euro $ 627,000 .",neutral,1
"Lithuanian beer makers sold 256.88 million liters of beer in 2005 , a rise of 4.5 per cent from the year-earlier figure of 245.92 million liters .",positive,2
"Both operating profit and net sales for the three-month period increased , respectively from EUR16 .0 m and EUR139m , as compared to the corresponding quarter in 2006 .",positive,2
This new partnership agreement represents a significant milestone for both parties .,positive,2
"HUHTAMAKI OYJ STOCK EXCHANGE RELEASE , 16.9.2008 AT 13.32 Huhtamaki 's Capital Markets Day for institutional investors and analysts is held in Espoo , September 16 , 2008 starting at 13.30 pm Finnish time .",neutral,1
"20 October 2010 - Finnish environmental management company Lassila & Tikanoja Oyj HEL : LAT1V , or L&T , said Monday it expects its operating profit , excluding non-recurring items , for the whole 2010 to be slightly lower than in 2009 .",negative,0
"In 2006 , 452 million tonnes CO2 of EUA ( EU Allowance ; emissions credit in EU ) was traded with an underlying market value approx .",neutral,1
The company is well positioned in Brazil and Uruguay .,positive,2
"MANAVIGATOR-September 7 , 2010-Kemira unveils Indian JV with IVRCL Finnish chemicals group Kemira ( HEL : KRA1V ) on Tuesday announced it has inked a deal to form a joint venture in India with local construction firm IVRCL Infrastructure and Projects Ltd ( BOM :530773 ) .",positive,2
The writing and publication of Lemmink+ñinen -¦ s history is a continuation of earlier collaboration between Antti Tuuri and the company .,neutral,1
"At 1411 CET , ArcelorMittal had lost 7.26 % to EUR 17.38 on Euronext Paris , coming at the lead of the blue-chip fallers .",negative,0
The duration of the contract is 37 months .,neutral,1
"Consisting of seven interconnected units , Mega Image 's logistics center will be 347 metres in length and 12 metres in height .",neutral,1
"In 2009 , Fiskars ' cash flow from operating activities amounted to EUR121m , up from EUR97m in the previous year .",positive,2
The presentation material can be viewed on the company 's website in English after the conference .,neutral,1
The annual net sales of the unit is some EUR 5 million and it currently employs some 55 people .,neutral,1
"Finnish pharmaceuticals company Orion reports profit before taxes of EUR 70.0 mn in the third quarter of 2010 , up from EUR 54.9 mn in the corresponding period in 2009 .",positive,2
"The Australian company Mirabela Nickel has awarded Outokumpu Technology a contract for grinding technology for its nickel sulfide project in Bahia State , Brazil .",positive,2
"HELSINKI AFX - Salcomp , the mobile phone charger manufacturer , said it has appointed Markku Hangasjarvi as its new CEO , following the resignation of Mats Eriksson .",neutral,1
Cision says the sale will return its U.K. operation to profitability .,positive,2
Panostaja did not disclose the purchase price .,neutral,1
"The change in holdings in accordance with Chapter 2 , Section 9 of the Finnish Securities Markets Act is described below .",neutral,1
"In the Baltic countries , sales fell by 40.2 % , and in Russia , by 23.2 % in terms of euros , and by 10.7 % in terms of local currency .",negative,0
"Outotec said it won new orders worth 492.9 mln eur during the quarter , compared with 240.4 mln eur a year earlier .",positive,2
"Sampo Bank 's market share of lending was 13.6 % , down from 14.4 % in the first quarter of 2008 .",negative,0
Pharmaceutical market in Czech Republic Global Research & Data Services published recently a market analysis about the pharmaceutical markets in Czech Republic .,neutral,1
Performance in the second half of 2009 exceeded expectations .,positive,2
"SCOPI Chief Business Excellence Officer , Eng .",neutral,1
"In January-June 2010 , diluted loss per share stood at EUR0 .3 versus EUR0 .1 in the first half of 2009 .",negative,0
Net sales decreased to EUR 91.6 mn from EUR 109mn in the corresponding period in 2005 .,negative,0
"Den Bosch-based TomTom is Europe 's largest maker of automotive navigation devices , while Cayman Islands-based Garmin is larger in the U.S. and overall .",neutral,1
"In January , traffic , measured in revenue passenger kilometres RPK , went up by 3.2 % and capacity , measured in available seat kilometres ASK , rose by 12.2 % .",positive,2
Shares of Nokia Corp. rose Thursday after the cell phone maker said its third-quarter earnings almost doubled and its share of the global handset market increased .,positive,2
"OTHER  North-Rhine Westphalia - Is to issue a benchmark , 5 year fixed rate deal in Euros .",neutral,1
Finnish silicon wafers manufacturer Okmetic Oyj said it swung to a net profit of 4.9 mln euro $ 6.3 mln in the first nine months of 2006 from a net loss of 1.8 mln euro $ 2.3 mln a year earlier .,positive,2
"Alma Media Corporation PRESS RELEASE March 25 , 2010 TYRV+ä+äN SANOMAT PURCHASE CONFIRMED The business operations of Tyrv+ñ+ñn Sanomat Oy will be transferred to Suomen Paikallissanomat Oy .",neutral,1
"ENP Newswire - 22 March 2011 Release date - 21032011 - A total of 13,000 Talvivaara Mining Company Plc 's new shares were subscribed for during the period between 1 January 2011 and 28 February 2011 under the company 's stock option rights 2007A .",neutral,1
"The total number of voting rights is 74,612,523 .",neutral,1
"Finnish Sampo-Rosenlew manufactures approximately seven forest machines monthly , and about half of machines are exported .",neutral,1
The order was valued at USD12 .2 m.,neutral,1
Delivery is due in the second half of 2011 .,neutral,1
"The share capital of Alma Media Corporation (business ID 1944757-4)is EUR 45,031,513.80 and it is divided into 75,052,523 shares .",neutral,1
The original patent was filed in Finland under application No. .,neutral,1
"Los Angeles-based Pacific Office Properties Trust acquires , owns , and operates office properties in the western U.S. , focusing initially on the markets of Honolulu , San Diego , Los Angeles , and Phoenix .",neutral,1
"Following the registration , the share capital of Biotie is EUR 52,556,678.10 .",neutral,1
"Currently , the company uses eight similar reach stackers and four empty container handlers by Konecranes .",neutral,1
The orders also include a few high-power drives for the control of seismic compressors .,neutral,1
SCANIA Morgan Stanley lifted the share target on Swedish heavy-duty truck and bus maker Scania AB to 330 crowns ( $ 42.4 - 35.2 euro ) from 310 crowns ( $ 39.8 - 33.1 euro ) .,positive,2
Profit for the period increased from EUR 2.9 mn to EUR 10.5 mn .,positive,2
Okmetic has used the furnaces for the contract manufacturing of solar crystals .,neutral,1
"L&T is operative in Finland , Sweden , Latvia , Russia and Norway .",neutral,1
Pharmaceutical market in Poland Global Research & Data Services published recently a market analysis about the pharmaceutical markets in Poland .,neutral,1
down to EUR5 .9 m H1 '09 3 August 2009 - Finnish media group Ilkka-Yhtyma Oyj ( HEL : ILK2S ) said today its net profit fell 45 % on the year to EUR5 .9 m in the first half of 2009 .,negative,0
"The equipment Ixonos acquires with this deal includes mechanical engineering hardware ; an RF and antenna measurement laboratory ; facilities for the measurement of audio , cameras and displays ; as well as devices and robot units for the testing of mobile devices .",neutral,1
"Loss after financial items totalled EUR 9.7 mn , compared to a profit of EUR 1.3 mn in the corresponding period in 2008 .",negative,0
"Seller is the Finnish Elcoteq Group , the largest European electronics manufacturing services company .",neutral,1
"In the first quarter of 2008 , Sacanfil 's net sales totalled EUR 50.0 mn and its operating profit EUR 4.7 mn .",neutral,1
Kemira shares closed at (  x20ac ) 16.66 ( $ 22US .71 ) .,neutral,1
"ADP News - Nov 13 , 2008 - Finnish printed circuit board PCB maker Aspocomp Group Oyj OMX : ACG1V said today that its net loss narrowed to EUR 2 million USD 2.5 m in the first nine months of 2008 from EUR 57",positive,2
The issuer is solely responsible for the content of this announcement .,neutral,1
Operating profit was EUR 1.6 mn in 2005 compared to EUR 5.9 mn in 2004 .,negative,0
Panostaja Oyj 's Board also decided at its organisational meeting held upon completion of the AGM to implement the AGM decision concerning Board member fees paid as shares in such a way that shares are transferred on a quarterly basis on the date following publication of the quarterly-annual report .,neutral,1
"CapMan , with offices in Helsinki , Stockholm , Copenhagen and Oslo , manages Nordic buyout , mezzanine , technology , life science and real estate funds with approximately EUR2 .6 bn in total capital .",neutral,1
The pretax profit of the group 's life insurance business increased to EUR36m from EUR27m .,positive,2
"Currently Glaston employs approximately 1,500 persons .",neutral,1
Finnish investment company Neomarkka is the main owner of Kuitu Finland 's successor .,neutral,1
The company 's board of directors would propose a dividend of EUR1 .00 per share for 2005 .,neutral,1
Finnish publishing and printing group Ilkka-Yhtym+ñ will introduced a staff smoking ban as of the beginning of 2007 at the company 's three newspapers .,neutral,1
"In the third quarter , net sales increased by 12 % year-on-year to EUR 159.5 million , or by 6 % at comparable currency rates growth .",positive,2
The company anticipates its turnover for the whole 2010 to surpass that of the previous year when it was EUR 67.1 million .,positive,2
The economic occupancy rate of Sponda 's property portfolio rose to 91.2 % from 88.8 % in 2006 .,positive,2
Cargotec 's business areas also include the container handling solutions business area Kalmar and the marine cargo handling and offshore load handling solutions business area MacGREGOR .,neutral,1
He is a Chartered Accountant in British Columbia and Alberta as well as a Certified Public Accountant in Washington State .,neutral,1
"Nevertheless , its market share rose to 49.14 percent from 48.51 percent a year earlier .",positive,2
"Cash flow from operations totalled EUR 7.4 mn , compared to a negative EUR 68.6 mn in the second quarter of 2008 .",positive,2
Operating profit rose from EUR 1.94 mn to EUR 2.45 mn .,positive,2
The sale price was not disclosed .,neutral,1
SAMPO PLC Jarmo Salonen Head of Investor Relations and Group Communications tel. +358 10 516 0030 Distribution : NASDAQ OMX Helsinki The principal media Financial Supervisory Authority www.sampo.com This announcement is distributed by Thomson Reuters on behalf of Thomson Reuters clients .,neutral,1
Return on equity stood at 18.3 % compared to 15.4 % in the third quarter of 2005 .,positive,2
"Operating profit decreased to nearly EUR 1.7 mn , however .",negative,0
"Earnings per share EPS amounted to EUR0 .03 , up from the loss of EUR0 .08 .",positive,2
23 April 2010 - Finnish construction and engineering company Outotec Oyj HEL : OTE1V said today it slipped to a net loss of EUR7 .3 m in the first quarter of 2010 from a net profit of EUR12 .5 m in the corresponding period last year .,negative,0
"In January-September 2009 , the Group 's net interest income increased to EUR 112.4 mn from EUR 74.3 mn in January-September 2008 .",positive,2
"Marathon now has a 4.6 percent stake in PLX , it said , according to Bloomberg .",neutral,1
Operating profit rose to EUR 103.4 mn from EUR 23.2 in the corresponding period in 2006 .,positive,2
QPR ProcessGuide is available as a system solution with centralized storage and management of process content as well as a standalone desktop version ; QPR ProcessGuide Xpress .,neutral,1
The company 's market share is continued to increase further .,positive,2
"- Demand for fireplace products was lower than expected , especially in Germany .",negative,0
Scanfil issued a profit warning on 10 April 2006 .,negative,0
"The world 's second largest stainless steel maker said net profit in the three-month period until Dec. 31 surged to euro603 million US$ 781 million , or euro3 .33 US$ 4.31 per share , from euro172 million , or euro0 .94 per share , the previous year .",positive,2
"In food trade , sales amounted to EUR320 .1 m , a decline of 1.1 % .",negative,0
"( ADP News ) - Dec 11 , 2008 - Finnish construction and engineering company Outotec Oyj ( OMX : OTE1V ) said today it won a EUR 28 million ( USD 36.8 m ) order to expand the phosphate concentrator in Siilinjarvi of Norwegian minera",positive,2
"Unit prices for straddle carriers vary between EUR700 ,000 and EUR900 ,000 , the company added .",neutral,1
"Markets had been expecting a poor performance , and the company 's stock was up 6 percent at  x20ac 23.89 US$ 33.84 in early afternoon trading in Helsinki .",positive,2
"The cost of the deal could range from 70 million to 90 million euros depending on the financial results of the two companies in 2008 , the statement says .",neutral,1
"The company reported a profit of 800,000 euro ($ 1.2 mln)on the sale of its Varesvuo Partners sub-group and a loss of 400,000 euro $ 623,000 caused by the sale of its program production subsidiary Oy Filmiteollisuus Fine Ab .",neutral,1
Sanoma News ' advertising sales decreased by 22 % during the year .,negative,0
Net sales dropped by 6 % year-on-year to EUR 11.9 million .,negative,0
"Operating profit totaled EUR 6.7 mn , down from EUR 7.2 mn in the corresponding period in 2005 .",negative,0
"Swedish , Finnish and Danish listed companies are organized in three market cap segments , Nordic Large Cap , Mid Cap and Small Cap .",neutral,1
"The chilled meat products category led the meat , fish and poultry market in Finland , accounting for a share of 31.4 % .",neutral,1
"In the reporting period , the company 's operating profit grew by 43.2 % to EUR 6 million .",positive,2
The deal was worth about EUR 1.2 mn .,neutral,1
Also the development of online businesses will continue .,neutral,1
"HELSINKI ( AFX ) - Shares closed higher , led by Nokia after it announced plans to team up with Sanyo to manufacture 3G handsets , and by Nokian Tyres after its fourth-quarter earnings report beat analysts ' expectations , dealers said .",positive,2
"Berling Capital , Umo Capital and Veikko Laine are the biggest shareholders in Amanda Capital .",neutral,1
"The machine will have an annual production capacity of 200,000 tonnes of super-calendered magazine paper and other paper grades based on recovered fiber , Stora Enso said .",neutral,1
"In August-October 2010 , the company 's result before taxes totalled EUR 9.6 mn , up from EUR 0.5 mn in the corresponding period in 2009 .",positive,2
`` We could be there .,neutral,1
The transaction is planned to be financed with a EUR40m market-based loan granted by Standard Chartered Bank Hong Kong .,neutral,1
"Finnish flexible packaging manufacturer Suominen Corporation reports net sales of EUR 54.5 mn in the first quarter of 2008 , compared with EUR 54.3 mn a year earlier .",positive,2
"Elcoteq 's Electronics Manufacturing Services ( EMS ) Business Segment serves customers globally in Engineering , Manufacturing and Fulfillment services .",neutral,1
This release is not an offer of securities for sale into the United States or elsewhere .,neutral,1
"Sampo Housing Loan Bank , a unit of Finland 's Sampo Bank , has priced its EUR1bn ( USD1 .3 bn ) bond at 99.889 % , Reuters reported .",neutral,1
"The market share of Volkswagen passenger cars in Finland was 10.1 percent , Audi had a market share of 3.1 percent and Seat 's share was 0.9 percent .",neutral,1
It is expected to be completed by the end of 2007 .,neutral,1
The total value of these two contracts is over EUR 21 million .,neutral,1
Cash Flow from Operations for the most recent quarter also reached a eight year low .,negative,0
The shares represented 4.998 % of total share capital and 2.14 % of total voting rights .,neutral,1
"Finnish financial group Aktia reports operating profit of EUR 44.4 mn in January-September 2009 , up from EUR 37.3 mn in the corresponding period in 2008 .",positive,2
In July it and Quadriga Capital sold their Lewa GmbH pump-making business to Japan 's Nikkiso Co. .,neutral,1
"It is necessary to strengthen the company 's operations , however .",neutral,1
Each share is entitled to one vote .,neutral,1
"Includes company and brand share data by category , as well as distribution channel data .",neutral,1
"In 2008 , the deal is likely to bring savings of EUR 20mn-25mn .",positive,2
"EPS for the quarter came in at 0.36 eur , up from 0.33 eur a year ago and ahead of forecast of 0.33 eur .",positive,2
The exercise price of the option will be based on Safran Software Solutions ' license and maintenance sales as well as the result of the company .,neutral,1
The studies are expected to start in 2008 .,neutral,1
"The transaction will have a positive impact of around EUR2m on earnings , which Ruukki will recognize during the fourth quarter of this year .",positive,2
Lemmink+ñinen started the manufacture of roofing felt in 1920 and the production of asphalt in the 1930s .,neutral,1
"In 2010 , Sanoma Magazines expects net sales to be at the 2009 level .",neutral,1
Electronic versions require 24-48 hours as each copy is customized to the client with digital controls and custom watermarks .,neutral,1
"The Annual Report will be sent automatically to shareholders holding at least 2,000 Sampo plc shares .",neutral,1
Operating profit margin increased from 11.2 % to 11.7 % .,positive,2
Kaupthing Bank will publish its annual results for 2007 before markets open on Thursday 31 January .,neutral,1
"The share capital of Basware Corporation is 11,720,829 .",neutral,1
The operating margin of Aker Yards Cruise & Ferries division went down from 8.3 % to 6.4 % in the first quarter of 2007 .,negative,0
"In his current position , Manty has worked since 1996 .",neutral,1
The invention carries International Patent Publication No. .,neutral,1
It has some 30 offices worldwide and more than 90 pct of its net sales are generated outside Finland .,neutral,1
"EPS from continuing operations came in at 0.30 eur , up from 0.17 .",positive,2
"The contract incorporates a Convergent Charging rating solution for voice and data , which includes Internet , GPRS , SMS , MMS and WAP .",neutral,1
"Sukhraj Dulai , of the 2900 block of Boni Sue Court , a cul-de-sac on the city 's north side , started the vehicle and went inside his house about 8 a.m. Tuesday , leaving the garage door open .",neutral,1
"Finnish electronics contract manufacturer Scanfil had net sales of EUR 52.2 mn in the first quarter of 2007 , down from EUR 60.1 mn a year before .",negative,0
The purchase sum is about EUR 10mn US$ 12.97 mn .,neutral,1
"CapMan , an asset manager , has EUR 3bn worth of assets under management in the Nordic region .",neutral,1
The terms of the transactions remained undisclosed .,neutral,1
"Name of Applicant : Jot Automation OYName of Inventor : Mammila Tuomo , Piirainen Mika and Kellokoski MikaApplication No. : 2424-KOLNP-2008 ADate of filing of Application : 16-06-2008Publication Date : 30/01/2009",neutral,1
Finnish KCI Konecranes has raised its net sales growth estimate for 2006 from over 25 % to over 35 % .,positive,2
The closing of such transaction took place today .,neutral,1
"The company operates its business through two reportable segments , including Banking and Investment Services , and Non-Life Insurance .",neutral,1
"Depending on the market situation , such projects are sold after 1 to 3 years after completion .",neutral,1
"The order comprises four ball mills , which will be organized in two different streams for treating ore in the Pilanesberg platinum mine .",neutral,1
Viking Line manages well with its current ferries .,positive,2
"According to latest information , Benefon will launch its Twig device on 20 September 2006 .",neutral,1
"The gross area of the Innova 2 project will be about 10,000 sq m ( 107,600 sq ft ) .",neutral,1
"RFID ( Radio Frequency Identification ) is a method of so-called intelligent transport , whereby information can be read and saved remotely .",neutral,1
Cash flow from operations rose to EUR 52.7 mn from EUR 15.6 mn in 2007 .,positive,2
"The mall is part of the Baltic Pearl development project in the city of St Petersburg , where Baltic Pearl CJSC , a subsidiary of Shanghai Foreign Joint Investment Company , is developing homes for 35,000 people .",neutral,1
Investments are not disclosed .,neutral,1
"Tieto in Latvia is represented by IT services companies TietoEnator Alise and TietoEnator , which has operations in the industries of Financial Services Cards , Retail and Logistics and IT Outsourcing and Managed Services .",neutral,1
"Mr. Mikko Saavalainen , head of Comptel 's Global Sales concludes : `` Gibtelecom provides a perfect illustration of the variety of business , technical and regulatory challenges operators are facing in their OSS today .",neutral,1
"Quartal Oy now owns 2,094,063 shares in Satama Interactive Plc , which represents 5,19 per cent of the share capital and voting rights .",neutral,1
Raute said it has won an order worth around 15 mln eur to supply several plywood production lines to mills operated by Russian wood products company Sveza Group .,positive,2
"Viking will pay EUR 130 million for the new ship , which will be completed in January 2008 .",neutral,1
"Products include Consumer Electronics devices such as mobile phones and their accessories , set-top boxes , flat panel TVs as well as System Solutions products such as infrastructure systems , modules and other industrial segment products .",neutral,1
Finnish cutlery and hand tools maker Fiskars Oyj Abp ( HEL : FISAS ) said today its net profit rose to EUR 24.1 million ( USD 33.6 m ) in the third quarter of 2010 from EUR 17.9 million a year earlier .,positive,2
"As much biomass will be used as can be sourced locally , with the rest of the plant 's fuel needs met by peat .",neutral,1
Mr Jortikka is president of the base metal division of Outotec Oyj in Finland and is on the executive committee of Outotec .,neutral,1
The deliveries are scheduled for the summer and autumn of 2008 .,neutral,1
"CS Cabot exports 55 % of its production mainly to Goodyear , Bridgestone and Michelin plants in Poland , as well as to Germany 's Michelin or Italy 's Pirelli through the company 's logistics center in Paris , Stefan said .",neutral,1
"This action follows personnel negotiations concerning Elcoteq SE , Finnish Branch , Elcoteq Finland Oy and Elcoteq Design Center Oy .",neutral,1
"The number of class A shares remains unchanged at 9,526,089 shares .",neutral,1
"Arto Ryymin , born 1964 , will replace Juhani Kaisanlahti who has worked as acting EVP , Healthcare & Welfare since August 2007 .",neutral,1
The commission said the hydrogen peroxide and PBS market was worth about 470 million euros in 2000 .,neutral,1
Earnings per share ( EPS ) dropped to EUR 0.21 from EUR 0.31 .,negative,0
Ixonos will finance the acquisition through a 3.8 mln euro $ 5.2 mln loan .,neutral,1
The company expects its net sales in 2008 to increase 5-10 % from 2007 .,positive,2
"Poyry 's contract includes engineering management , civil and detail engineering services , and time scheduling and procurement services .",neutral,1
"Panostaja owns a 68.77 pct of share capital and the voting rights of Suomen Helasto shares following an exchange of shares which was carried out on May 30 , 2007 .",neutral,1
"Samsung currently occupies third place and lost ground during the quarter , dropping by 1.8 % to an 11.1 % share overall .",negative,0
Kone 's net sales rose by some 14 % year-on-year in the first nine months of 2008 .,positive,2
"Due to the rapid decrease in net sales , personnel reductions have been carried out on a wider scale than initially expected .",negative,0
17 March 2011 - Goldman Sachs estimates that there are negative prospects for the Norwegian mobile operations of Norway 's Telenor ASA OSL : TEL and Sweden 's TeliaSonera AB STO : TLSN in the short term .,negative,0
"Profit before taxes amounted to EUR 56.5 mn , down from EUR 232.9 mn a year ago .",negative,0
Bertrand Sciard has been the vice chairman of the board of directors of Aldata Solution since April 2007 .,neutral,1
"Group EBIT for the first half was EUR13 .6 m US$ 17.8 m , falling short of the EUR22 .5 m it posted for the same period of 2009 .",negative,0
The firm builds components for mobile phones and other communications products .,neutral,1
Finnish retail software developer Aldata Solution Oyj reported a net loss of 11.7 mln euro $ 17.2 mln for 2007 versus a net profit of 2.5 mln euro $ 3.7 mln for 2006 .,negative,0
"After the split , the number of K shares will be 9 540 000 and the number of A shares 26 885 540 .",neutral,1
The number of customers is one of the most important parameters in determining the price of electricity networks .,neutral,1
"`` Over the years , the color orange has become synonymous with quality .",neutral,1
Finnish office supplies and computer accessories dealer Beltton-Group Plc said its net profit rose to 1.3 mln euro ( $ 1.7 mln ) in 2006 from 1.13 mln euro ( $ 1.5 mln ) in 2005 .,positive,2
"The casing comprises a first side casing member provided with the first side vat segment and a second side casing member provided with the second side vat segment , at least the first side casing member being pivotable about a rotation axis .",neutral,1
"Finnish security and privacy software solutions developer Stonesoft Oyj said on January 7 , 2008 that the preliminary sales of its StoneGate products grew by 59 pct year-on-year to 3.6 mln euro ( $ 5.3 mln ) for the fourth quarter of 2007 .",positive,2
The company reiterates its outlook for 2009 .,neutral,1
Alfa group will have 43.9 % of voting stock in the new company and Telenor 35.4 % with a free float of 20.7 % .,neutral,1
"In 2007 , the Group 's net sales stood at EUR 42 million and it had about 1,445 employees .",neutral,1
"Tallink Silja attributes the significant drop to problems with the booking system that was taken into operation in October , the sale of trailer ferry ` Sky Wind ' and the route between Stockholm and Riga , which has won passengers from the Helsinki-Stockholm route .",negative,0
Net sales surged by 30 % to EUR 36 million .,positive,2
"Quarterly diluted EPS on continuing operations came in at 0.21 eur , compared with last year 's 0.12 eur .",positive,2
Operating profit excluding restructuring costs grew to EUR 44.5 million from EUR 31.7 million while operating profit including restructuring costs showed even larger growth to EUR 38.5 million from EUR 7.4 million .,positive,2
"Once your plants are in the ground they will continue to grow , but the success of any garden lies in how well it 's maintained .",neutral,1
The financial details of the acquisition were not disclosed .,neutral,1
"Biohit Oyj develops , manufactures and markets liquid handling products and diagnostic test systems for use in research , healthcare and industrial laboratories .",neutral,1
"Full-year net sales are expected to increase by approximately 10 % , the company said .",positive,2
"The six breweries recorded a 5.2 percent growth in domestic beer sales last year to 270.21 million liters , from 256.88 million liters sold in 2005 .",positive,2
"Finland 's national carrier Finnair PLC carried a record 8.5 million passengers in 2005 , an increase of 4.5 percent on the previous year , the airline reported Tuesday .",positive,2
"RAPALA TOURNAMENT FISHING : With all the major titles already out for the holidays , bargain-priced games such as Rapala aim for a smaller audience .",neutral,1
"The reason for this is St. Petersburg status as a capital , one of the participants in the meeting quoted Chikunov as saying .",neutral,1
"The company 's order book stood at 1.5 bln euro $ 2.2 bln on September 30 , 2007 , up by 24.2 pct on the year , with international orders amounting to 365 mln euro $ 534.3 mln .",positive,2
Completion of the transaction is subject to a final agreement and a Due Diligence process .,neutral,1
The dividends payable annually shall be deducted from the share subscription price .,neutral,1
"The company 's transportation business is conducted through Florida Rock & Tank Lines , which is a Southeastern transportation company concentrating in the hauling by motor carrier of liquid and dry bulk commodities .",neutral,1
"Ethanol would be made from barley , and production could start in 2008 .",neutral,1
"The firm 's services include copying , printing , CAD-modelling , digital printing , scanning , SokoPro project bank and courier services .",neutral,1
"The company also appointed Leif Rosen head of the Special Plate unit which includes the quarto plate units in Degerfors , Sweden , and New Castle , USA , the unit in Willich , Germany , as well as Pressplate and Prefab in Avesta and Plate Service Centre Nordic in Degerfors .",neutral,1
"The total investment necessary will be EUR40m , the company estimated .",neutral,1
"According to PKC , the acquisition would bring a significant addition to PKC 's customer base .",positive,2
"Financial , strategic and operational factors are considered .",neutral,1
"The facility will be used to refinance Citycon 's existing credit facility , the company said .",neutral,1
"Founded in 1923 , Finnair is one of the world 's oldest airlines and flies to 60 destinations with a fleet of 63 aircraft , employing 9,500 people .",neutral,1
Net profit fell by almost half to +é 5.5 million from +é 9.4 million at the end of 2007 .,negative,0
Each year the dividend is deducted from the subscription price .,neutral,1
The value of the orders is about EUR 25mn .,neutral,1
"SSH Communications Security Corporation is headquartered in Helsinki , Finland .",neutral,1
The center will be built in the Kapuli district of Mantsala beside the Hanko-Mantsala-Porvoo road near the new direct rail link between Lahti and Jarvenpaa .,neutral,1
Finnish Bank of +àland 's consolidated net operating profit increased from EUR 4.8 mn in the first quarter of 2005 to EUR 6.4 mn in the first quarter of 2006 .,positive,2
"After the restructuring , UPM 's average paper machine capacity in Europe will be 320,000 tons ( 350,000 short tons ) in coated magazine paper and 420,000 tons ( 460,000 short tons ) in coated fine paper .",neutral,1
"The company 's operating income ( EBIT ) totalled EUR 0.0 mn , up from EUR -0.3 mn year-on-year .",positive,2
Her last position in Nokia Siemens Networks was head of Business Human Resources NSN global IT .,neutral,1
Okmetic Board of Directors has also decided on a new share ownership program directed to the company 's top management .,neutral,1
The value of the contracts is about EUR 3.3 mn .,neutral,1
Finnish metal products company Componenta Oyj net profit rose to 26.1 mln euro ( $ 35.9 mln ) for the first quarter of 2007 from 5.3 mln euro ( $ 7.3 mln ) for the same period of 2006 .,positive,2
Both the net sales and operating profit were record high in the company 's history .,positive,2
"The store is located in Poznan in a shopping center named Pestka , the company added .",neutral,1
The aforementioned shareholders have informed that they will propose to the Annual General Meeting that the number of members of the Board of Directors shall be five and that besides the present members of the Board of Directors also Mr Lassi Noponen shall be elected to the Board of Directors .,neutral,1
"S Group 's loyal customer magazine Yhteishyv+ñ came second with 1,629,000 readers and Sanoma Corporation 's daily newspaper Helsingin Sanomat was third with 1,097,000 readers .",neutral,1
The new chain has 700 discount stores and 250 supermarkets .,neutral,1
"Ahlstrom Corporation STOCK EXCHANGE ANNOUNCEMENT 23.4.2007 Ahlstrom Corporation will publish its first quarter financial results 2007 on Friday , April 27 , 2007 approximately at 8.30 a.m. Finnish time .",neutral,1
"Previously , the company anticipated its operating profit to improve over the same period .",positive,2
Ponsse will divide its sales and maintenance service network into six geographical areas .,neutral,1
"Tecnotree 's convergent charging solution includes functionality for prepaid and post-paid billing , charging and rating of voice calls , video calls and raw data traffic for both mobile and fixed networks .",neutral,1
The combined capital of these funds is expected to be EUR 100mn-150mn .,neutral,1
Olvi expects sales and market share to increase in the first quarter of 2010 .,positive,2
Orders received grew by 55 % year-on-year to EUR732m .,positive,2
"The tests , conducted at Nokia Siemens ' LTE center of competence in Espoo , Finland , follow the company 's production start of LTE-ready Flexi Multiradio Base Stations for the 800 MHz band in April 2010 , and complement earlier tests with Nokia on the 2100 MHz and 2600 MHz bands .",neutral,1
Talvivaara is listed on the London Stock Exchange Main Market and NASDAQ OMX Helsinki and is included in the FTSE 250 Index .,neutral,1
"Profitability ( EBIT % ) was 13.6 % , compared to 14.3 % in Q2 2009 .",negative,0
Exports grew 16.5 percent to 19.1 million liters .,positive,2
Finnish Cargotec 's Kalmar has received a significant order from the US Department of Defense .,positive,2
The investments and operational changes enable additional optimisation of the working hours and thereby further cost savings of some 7 % -9 % .,positive,2
"In the sinter plant , limestone and coke breeze are mixed with the iron ore concentrate and sintered into lump form or sinter for use in the blast furnaces as a raw material for iron-making .",neutral,1
"Our key geographical markets are Europe , Russian Federation , Middle-East , South-Africa and Japan .",neutral,1
"When dialing in , the participants should quote 877417 as conference ID .",neutral,1
Grounds for the notification : Tiimari Plc 12/30/2010 issued Capital Convertible Loan allocation decision by the Board on 01/31/2011 .,neutral,1
"Raute posted a net profit of 1.8 mln euro $ 2.6 mln for the third quarter of 2007 , compared to a net loss of 299,000 euro $ 430,000 for the corresponding period of 2006 .",positive,2
An earn-out payment of up to 4.0 mln euro ( $ 5.3 mln ) can also be paid depending on Intellibis financial performance in 2007 .,neutral,1
"The company will publish its financial statement for 2008 on February 25 , 2009 .",neutral,1
"The original name Componenta +àm+Ñl , as a subsidiary of the Finnish Componenta Group , has been changed to +àm+Ñl Components and the company has seen a 63 % growth in Q1 2010 , in comparison to Q1 2009 .",positive,2
Insurance policies should be simple .,neutral,1
Operating profit rose to EUR 5mn from EUR 2.8 mn in the fourth quarter of 2008 .,positive,2
The combined company had pro-forma net sales of 140 mln euro $ 188.9 mln and an operating profit of 13 mln euro $ 17.5 mln for 2006 .,neutral,1
Pretax profit decreased to EUR 33.8 mn from EUR 40.8 mn in the fourth quarter of 2005 .,negative,0
"Indigo and Somoncom serve 377,000 subscribers and had a market share of approximately 27 % as of May 2007 .",neutral,1
The server is responsible for managing devices and user accounts and a desktop client application enables remote access to the mobile phones .,neutral,1
Finnish consumer packaging manufacturer Huhtamaki Oyj said it swung to a net profit of 84.1 mln euro $ 105.6 mln in the first nine months of 2006 from a net loss of 2.6 mln euro $ 3.3 mln in the same period of 2005 .,positive,2
"Fortum needs a clear signal of commitment from the Government that the permit is available before the company will start the next round , Kuula says .",neutral,1
"In volume , the focus is already outside Finland , as 60 % of the group 's products are made in Poland and the Baltic countries .",neutral,1
"Cramo is a service company specialising in construction machinery and equipment rental and rental-related services , as well as the rental and sale of modular space .",neutral,1
"Frost sold shares for $ 19 million at $ 6.06-7 .12 per share , compared with Friday 's high of $ 11.33 and low of $ 10.14 .",negative,0
"Cardona slowed her vehicle , turned around and returned to the intersection , where she called 911 .",neutral,1
"It also includes the installation of new equipment , training and start-up services , as well as service work of the shoe press delivered by Vaahto in 2001 .",neutral,1
"Operating profit totaled EUR 37,7 mn , up slightly from EUR 37.2 mn in the corresponding period in 2006 .",positive,2
The products have a low salt and fat content .,neutral,1
Diluted EPS rose to EUR3 .68 from EUR0 .50 .,positive,2
"Apartments of YIT Home may be purchased in 5 regions of Russia , where YIT subsidiaries carry out their activities : Moscow and Moscow region , St. Petersburg , Ekaterinburg , Kazan and Rostov-on-Don .",neutral,1
The combined value of the orders is almost EUR 3mn .,neutral,1
"Also , a six-year historic analysis is provided for this market .",neutral,1
The solid fuel is heated before sludge is mixed therein . '',neutral,1
"Tyrv+ñinen is of the opinion that the airline has been repeating this for some time already , however .",neutral,1
"In addition , the contract includes modification of the effluent treatment plant at Follum .",neutral,1
"Payment for acquired shares will be made in cash , and the price per share will be EUR 1 plus an administration fee .",neutral,1
"Lemminkainen Infra Oy 's subsidiary Lemminkainen Sverige AB will perform the construction work , which is expected to start in early 2011 and to be completed in the summer of 2013 .",neutral,1
"`` The implementation of these programs has had , and will have , negative impacts on 2006 and 2007 earnings , '' Mr Meiklejohn said .",negative,0
Pretax loss totaled EUR 117mn compared to a loss of EUR 65mn in the corresponding period .,negative,0
"Finnish IT solutions provider Affecto Oyj HEL : AFE1V said today its slipped to a net loss of EUR 115,000 USD 152,000 in the second quarter of 2010 from a profit of EUR 845,000 in the corresponding period a year earlier .",negative,0
To see a slide show of all the newest product releases from Fiskars .,neutral,1
"Profit for the period was EUR 9.8 mn , up from EUR 6.0 mn in 2004 .",positive,2
4 ) Complete name of the shareholder : Otto Henrik Bernhard Nyberg 5 ) Further information : The amount of shares now transferred corresponds to 5.68 % of the total number of shares in Aspo Plc. .,neutral,1
"Both operating profit and sales for the three-month period increased , respectively from EUR0 .3 m and EUR13 .1 m , as compared to the corresponding period in 2005 .",positive,2
"Finnish steel maker Rautaruukki Oyj ( Ruukki ) said on July 7 , 2008 that it won a 9.0 mln euro ( $ 14.1 mln ) contract to supply and install steel superstructures for Partihallsforbindelsen bridge project in Gothenburg , western Sweden .",positive,2
The diluted loss per share narrowed to EUR 0.27 from EUR 0.86 .,positive,2
"`` The industry is coming to an interesting fork in the road as both handset manufacturers and wireless carriers attempt to serve as the portal for Web-based service to your wireless handset , '' he wrote .",neutral,1
Sales in Finland rose by 3.9 % and international growth was 0.7 % .,positive,2
"In April-June 2008 , Scanfil 's net sales totalled EUR 58.7 mn and operating profit EUR 6.6 mn .",neutral,1
"The broad-based WIG index ended Thursday 's session 0.1 pct up at 65,003.34 pts , while the blue-chip WIG20 was 1.13 down at 3,687.15 pts .",neutral,1
New Novator products are supposed to be exported .,neutral,1
The Notice in its entirety with other proposals from the Nomination Committee and the Board will be published at least four weeks before 28 April on the company 's website and in Post - och Inrikes Tidningar and Dagens Industri .,neutral,1
"The Whitehall Street Real Estate Funds invest in real estate and real estate related assets , principally through the acquisition of real estate companies , real property and mortgage loans .",neutral,1
The cranes would be installed onboard two freighters ordered by Singaporean ship owner Masterbulk .,neutral,1
"As such , the space has blond wood floors ( unlike the rest of the store ) and a notably Scandinavian vibe .",neutral,1
"The company , which makes garden tools , scissors and other consumer goods , said earnings were boosted by 6.9 mln eur of income it received from its 16.7 pct shareholding in Finnish engineering group Wartsila .",positive,2
"Tyrvaan Sanomat , published twice a week by Tyrvaan Sanomat Oy , appears in Sastamala and Kiikoinen .",neutral,1
The value of the deal has not been disclosed .,neutral,1
Otherwise the situation is under control .,neutral,1
Finlan 's listed food industry company HKScan Group controlled companies in the Baltics improved revenues by EUR 3.5 mn to EUR 160.4 mn in 2010 from EUR 156.9 mn in the year before .,positive,2
"Glaston 's share GLA1V is listed on the NASDAQ OMX Helsinki , Mid Cap List .",neutral,1
This resulted in improved sales figures in Sweden .,positive,2
"Target company : Tieto Corporation , Business Identity Code : 0101138-5 Date of change in holding : 22 January 2010 Portion of the shares and votes : The current group holding of OP-Pohjola Group Central Cooperative ( OPK ) is 2982 587 shares , which represents 4.14 % of the shares and voting rights .",neutral,1
"` Nordea 's definitely too big for Sampo to acquire , ' said an analyst ` But Sampo would appear to have an agenda for Nordea ahead of the privatisation .",neutral,1
Combined net sales in 2006 were $ 27 million and EBITDA was $ 13.7 million .,neutral,1
The webcast may be followed online on the company website at www.ruukki.com/investors .,neutral,1
"The utility will also provide services related to electricity management , such as hedging trades and risk management and reporting .",neutral,1
"The company has decided to stop the operations of Ruukki Construction Division in Latvia and Lithuania , and concentrate the production and logistics in Parnu , Estonia in 2009 .",neutral,1
He confirmed his view on July 6 .,neutral,1
The site will cover over six hectares .,neutral,1
Operating profit rose to EUR 13.1 mn from EUR 8.7 mn in the corresponding period in 2007 representing 7.7 % of net sales .,positive,2
"SRV will also build an aqua park with wellness area , a restaurant and a multifunctional ice arena .",neutral,1
"Combining the two producers will create a strong EU-based fertilizer industry capable of meeting global competition , they added .",positive,2
The order is included in Metso 's fourth quarter 2007 order backlog .,neutral,1
Reported operating margin was a negative 5.9 % .,negative,0
"He joins Technopolis from KONE where he has held various positions within the Group , most recently as Director of Service Business and Business Development for KONE s Middle Eastern operations .",neutral,1
"Pretax profit rose to EUR 1,019 mn from EUR 1,007 in the corresponding period in 2005 .",positive,2
After 1 April 2007 Cencorp will not have any own employees in the territory .,neutral,1
"Companies evaluated in the report include Aladdin , CA , F-Secure , Kaspersky , Marshal , McAfee , Microsoft , Panda , Proofpoint , Sophos , Symantec , Trend Micro , Tumbleweed , and Websense .",neutral,1
The order is related to renewing the network of the telecommunications operator .,neutral,1
The share subscription period for stock options 2007A is between 1 April 2010 and 31 March 2012 .,neutral,1
"Sanoma also has an Executive Committee , in accordance with the Company 's Articles of Association , that prepares proposals for matters to be decided or noted by the Board of Directors .",neutral,1
The power generated annually by Loviisa covers about 10 % of Finland 's electricity consumption .,neutral,1
Vaisala 's net profit for the third quarter of 2007 dropped to 3.0 mln euro ( $ 4.3 mln ) from 6.8 mln euro ( $ 9.8 mln ) for the same period of 2006 .,negative,0
The stock rose for a second day on Wednesday bringing its two-day rise to GBX12 .0 or 2.0 % .,positive,2
"Financial Statements include the consolidated financial statements of the Group , the Board of Directors ' Report , the Auditors ' Report and the Corporate Governance Statement .",neutral,1
"Finnish textiles and clothing group Marimekko Oyj posted a net profit of 7.99 mln euro $ 10.4 mln for 2006 , compared to 8.4 mln euro $ 10.9 mln for 2005 .",negative,0
"BasWare Invoice Processing , BasWare Contract Matching , BasWare Order Matching and BasWare KPI Reporting Tool are part of the BasWare 's Enterprise Purchase to Pay product suite .",neutral,1
"After the transaction , Tikkurila has no powder coatings related operations .",neutral,1
"When the product is manufactured in Finland , it is also packed in the country .",neutral,1
"The contract includes design , construction , delivery of equipment , installation and commissioning .",neutral,1
Net sales increased to EUR655m in April to June 2010 from EUR438m a year earlier .,positive,2
"Finnish Exel Composites , a technology company that designs , manufactures , and markets composite profiles and tubes for various industrial applications , reports its net sales decreased by 0.6 % in the second quarter of 2010 to EUR 19.2 mn from EUR 19.3 mn in the corresponding period in 2009 .",negative,0
"Finnish electronics manufacturing services EMS company Elcoteq SE posted a net loss of 66.4 mln euro $ 91.2 mln for the first half of 2007 , compared to a net profit of 7.1 mln euro $ 9.8 mln for the same period of 2006 .",negative,0
The operating profit for Grain Trading increased to EUR 2.0 mn from EUR 1.4 mn in 2005 .,positive,2
The transaction is expected to be finalized by Dec 2009 .,neutral,1
"The power supplies , DC power systems and inverters designed and manufactured by Efore , and systems incorporating them are used in many different applications .",neutral,1
"The company can not give up palm oil altogether , however .",neutral,1
"Via the move , the company aims annual savings of some EUR3m , the main part of which are expected to be realized this year .",positive,2
"Talentum expects that the net sales of its core business will increase in 2008 , compared to 2007 .",positive,2
"( ADP News ) - Feb 9 , 2009 - Finnish computer services company Proha Oyj ( HEL : ART1V ) said today its net loss narrowed to EUR 113,000 ( USD 146,000 ) for 2008 from EUR 1.2 million for 2007 .",positive,2
The net sales of Healthcare Trade business in 2009 were EUR 145.1 million EUR 155.2 million and operating profit EUR 8.9 million EUR 7.9 million .,neutral,1
"The reorganisation will be carried out by transferring HKScan Corporation 's production-related property , plant and equipment in Finland as well as its holdings in subsidiaries and associates to HKScan Finland Oy , a holding company wholly owned by HKScan Corporation .",neutral,1
Affecto has participated in the program for the development of the Norwegian pension system since 2007 .,neutral,1
Pharmaceutical market in Belgium Global Research & Data Services published recently a market analysis about the pharmaceutical markets in Belgium .,neutral,1
"Componenta is a metal sector company with international operations and production plants located in Finland , the Netherlands , Sweden and Turkey .",neutral,1
"The Group owns and operates a fleet of more than 800dwt , while container capacity is 17,000 TEUs , and manages a diversified fleet of its own railway rolling stock of over 17,000 units .",neutral,1
"At first , Solteq 's services to companies operating in the St. Petersburg area will include maintenance and material management systems and data collection solutions .",neutral,1
Their offering also covers localisation services related to production transfer to the Finnish company 's customers that already have production in Asian market or have made the decision to transfer production there .,neutral,1
"Following this increase Huhtamaki 's registered share capital is EUR360 .62 m and the number of shares outstanding is 106,063,320 .",neutral,1
"HELSINKI ( Thomson Financial ) - Kone said it has won four orders in Saudi Arabia , United Arab Emirates and Qatar worth 40 mln eur .",positive,2
"`` Each year , personal entertainment plays a more significant role in determining whether a fitness facility 's workout experience is pleasurable or a chore , '' said Brian Wilson , director of marketing for Precor 's Entertainment & Services Division .",neutral,1
"The company , which has EUR2 .8 bn in assets , counts among its five largest shareholders Finnish insurers Ilmarinen 4.34 % and Varma 0.70 % , as well as the Finnish state pension fund VER 0.61 % .",neutral,1
"The shares shall be repurchased through public trading , for which reason the shares are repurchased otherwise than in proportion to the holdings of the shareholders .",neutral,1
Stock Exchange Release 10/3/2011 12:00 Sanoma has published its Annual Report and Financial Statements for 2010 and its first Corporate Responsibility Report .,neutral,1
Both Mr Walden and Mr Ignatius will be responsible also for the newspapers ' business result .,neutral,1
"Net sales surged by 18.5 % to EUR167 .8 m. Teleste said that EUR20 .4 m , or 12.2 % , of the sales came from the acquisitions made in 2009 .",positive,2
The continued operations mean the structure after the restructuring of the Aspocomp group including Aspocomp Oulu and the headquarter operations .,neutral,1
"`` I 'm trying to deal with slavery from a different perspective to balance the story , '' says DeRamus , formerly a writer at the Detroit Free Press and the Detroit News .",neutral,1
Operating profit rose to EUR 1.6 mn from EUR 1.1 mn in the corresponding period in 2006 .,positive,2
It also turned in earnings per share ( EPS ) of EUR 0.44 versus loss per share of EUR 2.26 .,positive,2
"Price talk is in the mid-market swaps plus 105 bps area and the leads are Barclays , BNPP , UBS and CBA .",neutral,1
"Kesko 's car import and retailing business , VV-Auto , saw sales grow by 17.1 pct .",positive,2
"In the fourth quarter of 2006 , OKO Banks expects the operating environment for Banking and Investment Services to remain similar to that in January-September 2006 .",neutral,1
"Net sales will , however , increase from 2005 .",positive,2
"In 2009 , Lee & Man had a combined annual production capacity of close to 4.5 million tonnes of paper and 300,000 tonnes of pulp .",neutral,1
"They are responsible for their own operations , customer relationships , and the development of these .",neutral,1
"In July-September 2008 , YIT 's net sales increased to EUR 970.8 mn , compared to EUR 906.8 mn in the corresponding period in 2007 .",positive,2
"Panostaja , headquartered in Tampere , Finland , is an investment company focusing on small and medium-sized Finnish companies operating in the traditional industries .",neutral,1
"In Q2 of 2009 , profit before taxes amounted to EUR 13.6 mn , down from EUR 26.8 mn in Q2 of 2008 .",negative,0
The enterprise value of Maritim Food AS has been determined as approximately EUR15m .,neutral,1
LONDON MarketWatch -- Share prices ended lower in London Monday as a rebound in bank stocks failed to offset broader weakness for the FTSE 100 .,negative,0
"Viking Line 's cargo revenue increased by 5.4 % to EUR 21.46 mn , and cargo volume increased by 2.4 % to 70,116 cargo units .",positive,2
First quarter underlying operating profit rose to 41 mln eur from 33 mln a year earlier .,positive,2
Vacon controls a further 5 % of the company via investment fund Power Fund I. EUR 1.0 = USD 1.397,neutral,1
"Aspocomp Group , headquartered in Helsinki , Finland , develops interconnection solutions for the electronics industry .",neutral,1
"Profit before taxes decreased by 9 % to EUR 187.8 mn in the first nine months of 2008 , compared to EUR 207.1 mn a year earlier .",negative,0
"Finnish shipping company Finnlines , of the Grimaldi Group , reports its net sales decreased to EUR 241.8 mn in January-June 2009 from EUR 384.0 mn in the corresponding period in 2008 .",negative,0
Another noticeable thing is that the search for Tata and Airtel brands was mostly related to ` broadband connections ' .,neutral,1
"According to Nordic financial group Nordea 's analyst Sami Sarkamies , this makes Nokia 's portfolio competitive again .",positive,2
"The company 's consolidated operating profit amounted to EUR 15.86 mn , up from EUR 4.14 mn year-on-year .",positive,2
"Vehvilainen , who is currently the chief operating officer at Nokia Siemens Networks , will join Finnair on 5 January 2010 and take over as CEO effective 1 February 2010 .",neutral,1
Decisions are to be made as quickly as possible .,neutral,1
"The huge bridge girders will be delivered to the site from our plant in Ylivieska , Finland .",neutral,1
"The product range includes marinated olives , cold cuts , and pates , for example .",neutral,1
"Finnish pulp and paper machinery maker Vaahto Group Oyj swung to a 1.1 mln euro $ 1.4 mln net profit in the fiscal 2005-06 , ended August 31 , 2006 , from a 249,000 euro $ 319,000 net loss in the fiscal 2004-05 .",positive,2
"Both operating profit and net sales for the six-month period increased , respectively from EUR0 .4 m and EUR3 .2 m , as compared to the corresponding period in 2005 .",positive,2
Production capacity will increase from 36 000 to 85 000 tonnes per year and the raw material will continue to be recycled paper and board .,positive,2
"The negotiations concern personnel of Cencorp Corporation and Singulase Oy as whole in Finland and in Sweden , the company said .",neutral,1
"The operations to be sold include manufacturing units in Finland , France , Poland and Turkey , as well as sales units in Germany and Lithuania .",neutral,1
"Under the deal , Know IT will pay SEK90m ( USD12 .8 m-EUR8 .6 m ) in cash and stock .",neutral,1
"Suominen Corporation estimates that the cost-cutting program that started in autumn 2005 , higher sales prices , and expected growth in volume of Wet Wipes , will make the company 's operations more profitable .",positive,2
Revenue grew 1 percent to euro742 .2 million US$ 964 million from euro735 million .,positive,2
"In sales volume , Coca-Cola 's market share has decreased by 2.2 % to 24.2 % .",negative,0
"Jarmo Honkamaa , head of the oil refining business at Neste Oil , says the situation looks promising from their viewpoint .",positive,2
The total project duration is three years and it is valued at some EUR11 .5 m.,neutral,1
Competition authorities will have to approve the deal before it can be finalized .,neutral,1
Market data and analytics are derived from primary and secondary research .,neutral,1
"Glaston 's own glass processing unit , Tamglass Glass Processing , is a manufacturer of high quality safety glass products operating in Finland .",neutral,1
"The contracts between Raute Corporation and Muling Kemian Wood Products Co. , Ltd. , which were announced on 3 November 2010 , have taken effect .",neutral,1
"To check them out or to make a bid they will be in the Deka Showroom , Fortitude Valley .",neutral,1
Net sales in 2007 are expected to be 10 % up on 2006 .,positive,2
Net sales fell by 33 % from the third quarter of 2008 to EUR 130.5 mn .,negative,0
Glaston 's net profit for the third quarter of 2007 dropped to 2.4 mln euro ( $ 3.5 mln ) from 3.5 mln euro ( $ 5.1 mln ) for the corresponding period of 2006 .,negative,0
"Among the Scandinavian companies present in St. Petersburg , is also named the Swedish concern NCC , which implements projects in the field of asphalt production , road and housing construction ( project Swedish Krona ) .",neutral,1
The stock rose for a third day on Tuesday bringing its three-day rise to GBX10 .50 or 1.8 % .,positive,2
`` They want my credit card info and my personal details .,neutral,1
"Altona stated that the private company of Altona chairman Kevin Maloney , Tulla Resources , would take up its entitlement in full .",neutral,1
"Finnair 's Tallinn-based subsidiary , Aero AS , carried 23,335 passengers , a decline of 60.8 % , on routes between Helsinki and the Baltic capitals and within Southern Finland .",negative,0
"The company expects its net sales for the whole of 2007 to be EUR 950mn-1 ,000 mn .",neutral,1
Consolidated operating profit from continuing operations decreased by 62.3 % to EUR 51.2 mn from EUR 135.7 mn in 2007 .,negative,0
"Kesko has about 2,000 stores engaged in chain operations in the Nordic and Baltic countries , Russia , and Belarus .",neutral,1
"Operating profit for the nine-month period increased from EUR13 .6 m , while net sales increased from EUR394 .7 m , as compared to the corresponding period in 2005 .",positive,2
"In the building and home improvement trade , sales decreased by 22.5 % to EUR 201.4 mn .",negative,0
"However , the net sales declined to EUR 803.6 million from EUR 1.2 billion .",negative,0
"Finnish high technology provider Vaahto Group reports net sales of EUR 41.8 mn in the accounting period September 2007 - February 2008 , an increase of 11.2 % from a year earlier .",positive,2
Affecto expects its net sales for the whole 2010 to increase from the 2009 level when they reached EUR 103 million .,positive,2
"Mr. McDonald started the evening with his own set , featuring hits from his solo career and his Doobie Brothers years and a selection of R&B cover songs that met with mixed results .",neutral,1
"Managing Director 's comments : `` Net sales for the first quarter were notably lower than a year before , especially in Finland , Russia and the Baltic countries .",negative,0
"Yara Suomi Ltd also provides nitrogen chemicals and technical nitrates to various sectors of industry , as well as products used in environmental protection .",neutral,1
Satama and Trainers ' House will remain as names and independent brands of the business areas .,neutral,1
"Finnish drug distributor and wholesaler Oriola-KD Oyj said on October 11 , 2006 it named Anne Kariniemi vice president of its Logistics and Sourcing department as of January 15 , 2007 .",neutral,1
"The total restructuring costs are expected to be about EUR 30mn , of which EUR 13.5 mn was booked in December 2008 .",neutral,1
The company reports a loss for the period of EUR 0.4 mn compared to a loss of EUR 1.9 mn in the corresponding period in 2005 .,positive,2
"So far as is known , he did not sell shares that he owns personally .",neutral,1
An EU law on the issue may be introduced around 2010 .,neutral,1
The company continued the development of a fully human antibody in its VAP-1 antibody program .,neutral,1
"Konecranes Oyj KCR1V FH fell 5.5 percent to 20.51 euros , the biggest fall since June .",negative,0
EBIT excluding non-recurring items was estimated to increase from 2009 .,positive,2
"Equity ratio was 60.9 % compared to 54.2 % In the third quarter of 2007 , net sales of the Frozen Foods Business totaled EUR 11.0 , up by about 5 % from the third quarter of 2006 .",positive,2
Okmetic expects its net sales for the first half of 2009 to be less than in 2008 .,negative,0
"With the U.S. Federal Government putting a stake in the ground , vendors - and their customers - are focused on meeting the deadline .",neutral,1
Mobile communication and wireless broadband provider Nokia Inc NYSE : NOK today set new financial targets and forecasts for Nokia and the mobile device industry and also for Nokia Siemens Networks and the mobile and fixed infrastructure and related services market .,neutral,1
Boomerang Boats had net sales of EUR 4.1 mn and it made an operating profit of EUR 0.4 mn in 2006 .,neutral,1
There have not been previous share subscriptions with 2004 stock options .,neutral,1
"Changes in the market situation and tougher price competition have substantially reduced demand for bread packaging manufactured at the Kauhava plant , according to the company .",negative,0
The company turned to earnings per share ( EPS ) of EUR 0.03 versus loss per share of EUR 0.01 .,positive,2
"The major part of the deliveries include different AC and CXE amplifier solutions and products by Belgian DINH Telecom , a broadband solutions company acquired by Teleste in the spring of 2007 .",neutral,1
Niklas Skogster has been employed by the ABB Group in various positions concerning the development of operations .,neutral,1
"In 2008 , AVC Systemhaus had net sales of EUR 10 million USD 7.1 m .",neutral,1
"The report profiles 614 companies including many key and niche players worldwide such as Black & Decker Corporation , Fiskars Corporation , Fiskars Brands , Inc. , Husqvarna Outdoor Products Inc. , K+S Group , Ryobi Technologies , Inc. , The Scotts Miracle-Gro Company , and Van Group , Inc. .",neutral,1
The EUR 0.7 million non-recurring expenses have been recorded for the third quarter .,neutral,1
"Before FKI , John Jiang has worked in several general manager or senior business consultant positions for international companies in China .",neutral,1
"Okhta Center area is expected to have about 700,000 square metres of office premises by 2016 .",neutral,1
Talvivaara Mining Company Plc Talvivaara Mining Company is an internationally significant base metals producer with its primary focus on nickel and zinc using a technology known as bioheapleaching to extract metals out of ore .,neutral,1
Metso 's delivery will include a complete coated board line with related air systems and two winders .,neutral,1
"According to Sweden 's Minister for Local Government and Financial Markets , Mats Odell , the decision to sell the State 's shares in telecom group TeliaSonera can only be carried out in cooperation with the State of Finland .",neutral,1
"Net sales rose by 25.5 % year-on-year to EUR59 .6 m , as the number of chargers delivered went up by 41 % to 65.9 million pieces .",positive,2
The sellers were EOSS Innovationsmanagement and a group of private individuals .,neutral,1
"The Finnish national carrier said net loss in April through June was euro26 million , down from a net profit of euro13 million a year earlier .",negative,0
Neste Oil Corporation Refining Operation Asset Summary Report Summary Neste Oil Corporation Refining Operation Assets Summary Report is an essential source for company data and information .,neutral,1
The credit covers approximately 70 % of the ship 's price .,neutral,1
Sanoma Magazines Finland 's net sales grew to EUR 140.1 mn from EUR 131.8 mn .,positive,2
EBIT margin was up from 1.4 % to 5.1 % .,positive,2
"A total of 1,800,000 stock options were issued in the 2003 stock option scheme .",neutral,1
"Helsinki on October 22 , 2008 SSH COMMUNICATIONS SECURITY CORP Board of Directors For further information , please contact : Tomi Laamanen , Chairman , tel. +358 0 400 609 544 Distribution : NASDAQ OMX Helsinki Ltd. .",neutral,1
The purchase price was not disclosed .,neutral,1
"The company recorded revenues of E658 .1 million during the fiscal year ended December 2007 , an increase of 23 % over 2006 .",positive,2
"Currently , 95 % of Trainers House 's revenues are attributed to the Finnish market .",neutral,1
Elcoteq has a global network of After Market Service sites which have a long experience in serving Consumer Electronics and Systems Solutions customers .,neutral,1
"New Delhi , July 17 -- Sahlberg Teppo , Kallio Timo and Mustonen Tuomas of M Real OYJ , Espoo , Finland have developed novel markings and methods of producing the same .",neutral,1
"Return on investment was 5.0 % , compared to a negative 4.1 % in 2009 .",positive,2
"Uponor made an operating profit of EUR 151.0 mn , up from EUR 143.7 mn , which made 2007 a record year .",positive,2
"The process , technology , project management , basic engineering and quality assurance within Forest Industry will be consolidated in Vantaa , southern Finland .",neutral,1
"Operating profit totaled EUR 825mn , up from EUR 763mn in 2004 .",positive,2
With this appointment Kaupthing Bank aims to further co-ordinate Capital Markets activities within the Group and to improve the overall service to clients .,positive,2
"Arvo Vuorenmaa , the Loviisa plant 's general manager said the application for the new licence was a `` standard '' procedure and that he was `` quite confident '' about approval being granted .",positive,2
N-Viro operates processing facilities independently as well as in partnership with municipalities .,neutral,1
"Operating profit , excluding non-recurring items , totaled EUR 0.2 mn , down from EUR 0.8 mn in the corresponding period in 2006 .",negative,0
"Tiimari , the Finnish retailer , reported to have geenrated quarterly revenues totalling EUR 1.3 mn in the 4th quarter 2009 , up from EUR 0.3 mn loss in 2008 .",positive,2
"The board machine , which will have a wire width of 6.25 m and a design speed of 900 m-min , will produce close to 1,400 tonnes of folding boxboard per day .",neutral,1
The company website is www.ahlstrom.com .,neutral,1
"Founded in 1946 , Strand Associates , which provides civil , environmental , transportation , electrical and mechanical engineering services , has 350 employees at 10 offices in Wisconsin , Alabama , Illinois , Indiana , Kentucky and Ohio .",neutral,1
"In the second quarter of 2010 , the company 's net profit was EUR1 .7 m compared to a net loss of EUR1 .3 m in April-June 2009 .",positive,2
"For the current year , Raute expects its net sales to increase and the operating result -- to be positive .",positive,2
"`` The enterprise value of the Fray Bentos pulp mill and Forestal Oriental totals approximately euro1 .6 billion , '' UPM said .",neutral,1
No other ev3 devices were involved in this action .,neutral,1
Finnish Bank of +àland will launch its long-term pension savings account at the beginning of June 2010 .,neutral,1
Cash flow from business operations totalled EUR 0.4 mn compared to a negative EUR 15.5 mn in the first half of 2008 .,positive,2
"Alpina Sports is a Lebanon , New Hampshire USA based distributor of e.g. Alpina ski shoes and skis , Exel ski poles , Start ski waxes and now also Peltonen cross-country skis .",neutral,1
The total capital of funds managed by the bank decreased by 28 % to EUR 284mn by the end of September 2008 .,negative,0
"In the Czech Republic , the profiling unit at Ostrava will be closed and the machinery will be relocated to Ruukki 's bigger plants in Hungary , Poland and Romania by the end of the first quarter of 2009 .",neutral,1
The reductions will be concluded by autumn 2010 .,neutral,1
"The Finnish government announced Wednesday that it sold a 32 percent stake in chemicals and fertilizer group Kemira Oyj for (  x20ac ) 655.6 million ( $ 890US million ) , sending the company 's share price up 6 percent .",positive,2
Marimekko Group 's full-year net sales are estimated to increase by about 10 % .,positive,2
"The company 's net profit rose 11.4 % on the year to 82.2 million euros in 2005 on sales of 686.5 million euros , 13.8 % up on the year , the company said earlier .",positive,2
"The business has sales of about ( Euro ) 35 million ( $ 44million ) , and has been responsible for sales and marketing of Lanxess 's paper chemicals business , which Kemira bought for ( Euro ) 88 million early this year ( CW , Jan. 11 , p. 22 ) .",neutral,1
No financial or pricing details were disclosed .,neutral,1
"Exports of goods fell by 59 % , and imports by 16.7 % .",negative,0
"Tiimari 's registered share capital is 16,474,755 shares as per today .",neutral,1
Operating loss totaled EUR 0.3 mn compared to a profit of EUR 2.2 mn in the corresponding period in 2007 .,negative,0
"Operating profit totalled EUR 7.0 mn , up from a loss of EUR 4.0 mn in the second quarter of 2009 .",positive,2
"The acquisition does not have to be from the frozen foods or fish sector , as long as it has synergies with L+ñnnen Tehtaat 's other businesses .",neutral,1
R&D Loan ) .,neutral,1
"Pre-tax profit totaled EUR 397.4 mn , up from EUR 164.7 mn .",positive,2
"The company has the poser , who wants to impress people with the latest handset .",neutral,1
"At the beginning of the subscription period on May 2 , 2006 the share subscription price under B option right is EUR 10.22 per share .",neutral,1
The bank sees a potential for Getinge share to rise .,positive,2
"Furthermore , sales of new passenger cars and light commercial vehicles in the country declined by 5.4 % year-on-year last month .",negative,0
Fortum had previously bought the state-held stake in TGK-10 from RAO UES during its reform .,neutral,1
"The report profiles 158 companies including many key and niche players including major Nonwovens manufacturers such as Ahlstrom Corporation , Asahi Kasei Corporation , Buckeye Technologies , Inc. , EI .",neutral,1
"Trading in the new shares , which have right to dividends and other distributions of funds , will start on the exchange in Helsinki tomorrow .",neutral,1
A 2001 agreement expired earlier this month .,neutral,1
"The order consists of outsourced application management , support and planning for Tecnotree and third-party applications .",neutral,1
"According to Finnish Metso Minerals , the value of the company 's orders has gone up to EUR 1.9 bn in 12 months .",positive,2
"Ruukki 's delivery volumes and selling prices showed favourable development and the company 's comparable net sales grew by 50 % year-on-year to EUR647m , CEO Sakari Tamminen said .",positive,2
"FinancialWire ( tm ) , in cooperation with the Investrend Broadcast Syndicate , also provides complete , daily conference call and webcast schedules as a service to shareholders and investors via the FirstAlert ( tm ) Networks oeFirstAlert ( tm ) Daily .",neutral,1
"Raute , headquartered in Nastola , Finland , is a technology company serving the wood products industry worldwide .",neutral,1
The project also implies an underground parking lot for 56 vehicles .,neutral,1
"Operating loss totalled EUR 4.0 mn , compared to a profit of EUR 8.6 mn in the second quarter of 2008 .",negative,0
`` We are selling an information systems development business to the Finns .,neutral,1
Mursula said they tried to gather macro-economic perspective to see how Malaysia was doing .,neutral,1
"The approximately 20,000 dwt vessel has been ordered from India .",neutral,1
"CapMan has four investment areas ( CapMan Buyout , CapMan Technology , CapMan Life Science and CapMan Real Estate ) , and each of them has a dedicated team .",neutral,1
The company is studying the feasibility of focusing most of its processed meat production in the Vantaa facilities and the processing of fresh meat in the Forssa facilities .,neutral,1
Analysts surveyed by Thomson Financial expected revenue of $ 69 million for the quarter .,neutral,1
The capital structure of Solidium may be complemented by other financial instruments in the future .,neutral,1
SRV lowered its net sales estimate for the whole of 2008 due to uncertainties in housing sales .,negative,0
"The e-commerce site and flagship will be managed by Marimekko North America Retail LLC , a subsidiary established in the U.S. last year .",neutral,1
"The contractor of the shopping center , China State Construction Engineering Corporation , has previously built e.g. airports , hotels and factories for large international customers in different parts of the world .",neutral,1
"In Finland , the Bank of +àland reports its operating profit fell to EUR 6.1 mn in the second quarter of 2008 from EUR 7.5 mn in the second quarter of 2007 .",negative,0
"Operating profit was EUR 0.6 mn , up from a loss of EUR 19mn a year earlier .",positive,2
"The acquired business main asset is a mobile authentication and signing solution , branded as Tectia MobileID , which provides authentication to web e-mail , SSL-VPN , MS SharePoint , Tectia Secure Solutions and other applications and resources .",neutral,1
The share of the share capital of both above mentioned shareholders remains below 5 % .,neutral,1
"Tampere Science Parks is a Finnish company that owns , leases and builds office properties and it specialises in facilities for technology-oriented businesses .",neutral,1
"She will succeed Krister Kylas , who has decided to leave TeliaSonera .",neutral,1
Return on capital employed rose by 4.8 percentage points to 19.6 % .,positive,2
"The company 's scheduled traffic , measured in revenue passenger kilometres RPK , grew by just over 2 % and nearly 3 % more passengers were carried on scheduled flights than in February 2009 .",positive,2
"The sale , which will result in a gain of some EUR 60 million in the second quarter of 2010 for Oriola-KD , supports the Finnish company 's strategy to focus on pharmaceutical wholesale and retail operations .",positive,2
Net sales decreased to EUR 220.5 mn from EUR 470.0 mn in the corresponding period in 2009 .,negative,0
"However , the company saw its net profit for the third quarter down to EUR 1.4 million from EUR 1.5 million for the corresponding period of 2009 .",negative,0
"Kemira , headquartered in Helsinki , Finland , is an international chemicals group comprising the business areas Kemira Pulp & Paper , Kemira Water , Kemira Specialty and Kemira Coatings .",neutral,1
"Profit after taxes was EUR 0.1 mn , compared to EUR -0.4 mn the previous year .",positive,2
"As part of the transaction , M-real and Sappi have also signed a long-term agreement on the supply of pulp and BCTMP and other smaller services and supplies .",positive,2
"Under the agreement , Larox will transfer 10 employees within engineering and documentation related to delivery projects and product maintenance in Finland to Etteplan as of January 1 , 2007 .",neutral,1
"At the end of March 2007 , the group 's order book was at EUR 39.6 mn , up 42 % from the corresponding period in 2006 .",positive,2
The office space will rise above the remodeled Cannon Street underground station .,neutral,1
"The scheme for TeliaSonera and Altimo is practically identical , except that it involves the merger of their stakes in VimpelCom and Kyivstar .",neutral,1
Welcome !,neutral,1
"In the end of 2006 , the number of outlets will rise to 60-70 .",positive,2
"cents The profile contains business operations , the company history , major products and services , prospects , key competitors , structure and key employees , locations and subsidiaries .",neutral,1
Solteq Plc ANNOUNCEMENT 16.12.2010 SHARE REPURCHASE 16.12.2010 In the Helsinki Stock Exchange Solteq Plc now holds a total of 486.969 shares including the shares repurchased on 16.12.2010 .,neutral,1
"According to the company , a decision in the issue will be made in the summer of 2010 , at the earliest , and in the summer of 2011 , at the latest .",neutral,1
"In a recent interview with the Financial Times ( FT ) , Sampo 's board chairman Bjorn Wahlroos said If P&C was certainly for sale and the price had been set at SEK 85 billion , confirming earlier statements .",neutral,1
"Unbelievably , the company that makes them - Fiskars Corporation - was formed in 1649 when a Dutch merchant named Peter Thorwoste was given a charter to establish a blast furnace and forging operation in the small Finnish village of Fiskars .",neutral,1
"Componenta has production lines for similar-sized products at Karkkila in Finland , at Weert in the Netherlands and at Orhangazi in Turkey , and these had a combined output of approximately 100,000 tonnes and net sales of EUR 135 million in 2007 .",neutral,1
"Mr Ashley , deputy executive chairman of Sports Direct , sold a 43pc stake in the company for more than pounds 900m at the time of the float .",neutral,1
The building will house product development and test laboratories .,neutral,1
The fixed acquisition price amounts to NOK 70 ( approximately EUR 8.7 ) million and additional price NOK 15 ( EUR 1.8 ) million at maximum .,neutral,1
